id_session,num_step_in_session,id_visitor,url,id_url,datetime,dwell_time
177909,1,15157181111194496757,rha.revues.org/6885,26795,2017-01-01 00:00:00,14.0
177919,1,17419670761580487651,jsa.revues.org/2772,63653,2017-01-01 00:00:33,327.0
177925,1,324768533961010976,inventaire-rra.hypotheses.org/3661,95865,2017-01-01 00:00:45,1092.0
177938,1,4563508706044735292,champpenal.revues.org/7966,99650,2017-01-01 00:01:41,7.0
177942,1,6713679462352335871,books.openedition.org/enseditions/933,206541,2017-01-01 00:01:55,9.0
177942,2,6713679462352335871,books.openedition.org/puam/979,143618,2017-01-01 00:02:04,36.0
177942,3,6713679462352335871,books.openedition.org/puam/1046,213831,2017-01-01 00:02:40,26.0
177942,4,6713679462352335871,books.openedition.org/puam/979,143618,2017-01-01 00:03:06,8.0
177942,5,6713679462352335871,books.openedition.org/puam/1047,213849,2017-01-01 00:03:14,347.0
177942,6,6713679462352335871,books.openedition.org/puam/979,143618,2017-01-01 00:09:01,6.0
177942,7,6713679462352335871,books.openedition.org/puam/1048,213956,2017-01-01 00:09:07,390.0
177942,8,6713679462352335871,books.openedition.org/puam/979,143618,2017-01-01 00:15:37,8.0
177942,9,6713679462352335871,books.openedition.org/puam/1050,165252,2017-01-01 00:15:45,411.0
177953,1,18084213035953616778,rfp.revues.org/2975,127013,2017-01-01 00:02:17,9.0
177958,1,3248880048341206503,between.hypotheses.org/tag/morte-di-ivan-ilic,213826,2017-01-01 00:02:28,847.0
177960,1,7314074125473142900,teoros.revues.org/2872,88749,2017-01-01 00:02:35,2.0
177963,1,7383453754727962704,ch.revues.org/542,213833,2017-01-01 00:02:45,14.0
177963,2,7383453754727962704,ch.revues.org/140,213839,2017-01-01 00:02:59,24.0
177973,1,10195837321790799181,ejas.revues.org/9324,213841,2017-01-01 00:03:00,796.0
177973,2,10195837321790799181,ejas.revues.org,21793,2017-01-01 00:16:16,64.0
177973,3,10195837321790799181,ejas.revues.org/11648,129414,2017-01-01 00:17:20,30.0
177978,1,6924310863971138309,books.openedition.org/pur/1534,213845,2017-01-01 00:03:08,47.0
177978,2,6924310863971138309,books.openedition.org/pur/1517,134974,2017-01-01 00:03:55,16.0
177978,3,6924310863971138309,books.openedition.org/pur/1534,213845,2017-01-01 00:04:11,20.0
177978,4,6924310863971138309,books.openedition.org/pur/1517,134974,2017-01-01 00:04:31,1.0
177983,1,5621164932820078323,praxematique.revues.org/565,213853,2017-01-01 00:03:27,384.0
177983,2,5621164932820078323,praxematique.revues.org/565,43885,2017-01-01 00:09:51,0.0
177985,1,14826234579517782736,russeurope.hypotheses.org,42063,2017-01-01 00:03:29,66.0
177993,1,7534866467723932469,mondedulivre.hypotheses.org/4116,99165,2017-01-01 00:03:39,30.0
177993,2,7534866467723932469,mondedulivre.hypotheses.org/4116,99165,2017-01-01 00:04:09,27.0
177993,3,7534866467723932469,mondedulivre.hypotheses.org/4116,99165,2017-01-01 00:04:36,88.0
177993,4,7534866467723932469,mondedulivre.hypotheses.org/presentation,213897,2017-01-01 00:06:04,14.0
177994,1,17710634758782021589,freakonometrics.hypotheses.org/19817,46056,2017-01-01 00:03:41,50.0
177997,1,11521420665298138178,communication.revues.org.proxy.scd.univ-tours.fr/1968,213860,2017-01-01 00:03:44,85.0
178001,1,924422922919646407,narratologie.revues.org,10459,2017-01-01 00:04:04,137.0
178001,2,924422922919646407,narratologie.revues.org/6906,177268,2017-01-01 00:06:21,35.0
178006,1,12618990464626865061,aof.revues.org,42860,2017-01-01 00:04:21,30.0
178006,2,12618990464626865061,aof.revues.org/46,78240,2017-01-01 00:04:51,198.0
178006,3,12618990464626865061,aof.revues.org,42860,2017-01-01 00:08:09,320.0
178008,1,6283642862886566406,colonialcorpus.hypotheses.org/category/appels/appels-a-contributions-et-a-communications,213870,2017-01-01 00:04:28,50.0
178008,2,6283642862886566406,colonialcorpus.hypotheses.org/2491,213881,2017-01-01 00:05:18,142.0
178008,3,6283642862886566406,colonialcorpus.hypotheses.org/2491,213881,2017-01-01 00:07:40,17.0
178012,1,13324522621976590592,rfp.revues.org/1271,63536,2017-01-01 00:04:39,58.0
178016,1,10024918560353828963,revues.org,576,2017-01-01 00:04:56,7.0
178019,1,3968113951470338437,rfp.revues.org,1066,2017-01-01 00:04:59,136.0
178019,2,3968113951470338437,rfp.revues.org,1066,2017-01-01 00:07:15,28.0
178019,3,3968113951470338437,rfp.revues.org/4805,53817,2017-01-01 00:07:43,6.0
178019,4,3968113951470338437,rfp.revues.org/4813,213925,2017-01-01 00:07:49,20.0
178019,5,3968113951470338437,rfp.revues.org/4805,53817,2017-01-01 00:08:09,2.0
178036,1,2449217429743753563,sociologies.revues.org/4322,16106,2017-01-01 00:05:33,28.0
178036,2,2449217429743753563,sociologies.revues.org/4322,16106,2017-01-01 00:06:01,11.0
178036,3,2449217429743753563,sociologies.revues.org/4322,16106,2017-01-01 00:06:12,1220.0
178037,1,16193663189150273703,ries.revues.org/3601,6409,2017-01-01 00:05:33,42.0
178042,1,1059205914468006828,dpc.hypotheses.org/category/themes/patrimoine-culturel-immateriel,213895,2017-01-01 00:05:52,39.0
178042,2,1059205914468006828,dpc.hypotheses.org/1331,79567,2017-01-01 00:06:31,29.0
178042,3,1059205914468006828,dpc.hypotheses.org/304,213912,2017-01-01 00:07:00,42.0
178042,4,1059205914468006828,dpc.hypotheses.org/290,213923,2017-01-01 00:07:42,8.0
178042,5,1059205914468006828,dpc.hypotheses.org/304,213912,2017-01-01 00:07:50,8.0
178042,6,1059205914468006828,dpc.hypotheses.org/1331,79567,2017-01-01 00:07:58,2.0
178046,1,11231055502489827556,sociologico.revues.org,84289,2017-01-01 00:06:00,769.0
178046,2,11231055502489827556,sociologico.revues.org,84289,2017-01-01 00:18:49,1200.0
178046,3,11231055502489827556,sociologico.revues.org,84289,2017-01-01 00:38:49,785.0
178046,4,11231055502489827556,sociologico.revues.org,84289,2017-01-01 00:51:54,43.0
178046,5,11231055502489827556,sociologico.revues.org/1396,214578,2017-01-01 00:52:37,1664.0
178046,6,11231055502489827556,sociologico.revues.org/1396,214578,2017-01-01 01:20:21,275.0
178049,1,12039456026287780529,remi.revues.org/4168,4679,2017-01-01 00:06:22,41.0
178051,1,15035242640213118223,memini.revues.org/557,213900,2017-01-01 00:06:25,15.0
178051,2,15035242640213118223,memini.revues.org/554,151990,2017-01-01 00:06:40,84.0
178054,1,4489484905756708154,diacronie.revues.org/628,101136,2017-01-01 00:06:33,315.0
178056,1,2271981563854717550,books.openedition.org,112894,2017-01-01 00:06:36,8.0
178063,1,11081300338524278312,act.hypotheses.org/121,48631,2017-01-01 00:07:09,504.0
178071,1,14056952048088573915,mj.hypotheses.org/98,150077,2017-01-01 00:07:25,35.0
178073,1,15289811325156934835,primatologie.revues.org/1266,213918,2017-01-01 00:07:26,25.0
178076,1,4774970499812072984,conflits.revues.org/19033,199424,2017-01-01 00:07:28,7.0
178089,1,17697147757007582630,imaj.hypotheses.org,64682,2017-01-01 00:08:14,36.0
178095,1,5519262390897778740,books.openedition.org/ifra/389,115480,2017-01-01 00:08:36,17.0
178095,2,5519262390897778740,books.openedition.org/ifra/389,115480,2017-01-01 00:08:53,47.0
178097,1,4106797388375016637,indomemoires.hypotheses.org/tag/vietnam-war,44517,2017-01-01 00:08:45,152.0
178103,1,9643069334736660770,archivalia.hypotheses.org,43684,2017-01-01 00:08:54,111.0
178103,2,9643069334736660770,archivalia.hypotheses.org/62022,175825,2017-01-01 00:10:45,51.0
178103,3,9643069334736660770,archivalia.hypotheses.org/61684,214001,2017-01-01 00:11:36,1176.0
178103,4,9643069334736660770,archivalia.hypotheses.org/62022,175825,2017-01-01 00:31:12,135.0
178103,5,9643069334736660770,archivalia.hypotheses.org/28182,214295,2017-01-01 00:33:27,292.0
178103,6,9643069334736660770,archivalia.hypotheses.org/28182,214295,2017-01-01 00:38:19,396.0
178103,7,9643069334736660770,archivalia.hypotheses.org/28182,214295,2017-01-01 00:44:55,32.0
178103,8,9643069334736660770,archivalia.hypotheses.org/28182,214295,2017-01-01 00:45:27,179.0
178103,9,9643069334736660770,archivalia.hypotheses.org/28182,214295,2017-01-01 00:48:26,283.0
178116,1,14959158354581641116,ema.revues.org/1398,12258,2017-01-01 00:09:15,395.0
178116,2,14959158354581641116,ema.revues.org/1398,12258,2017-01-01 00:15:50,1750.0
178116,3,14959158354581641116,ema.revues.org,12486,2017-01-01 00:45:00,32.0
178116,4,14959158354581641116,ema.revues.org/1398,12258,2017-01-01 00:45:32,187.0
178116,5,14959158354581641116,ema.revues.org/1398,12258,2017-01-01 00:48:39,27.0
178117,1,10104319876796994284,etudesafricaines.revues.org/13862,213962,2017-01-01 00:09:16,174.0
178117,2,10104319876796994284,etudesafricaines.revues.org/13862,214006,2017-01-01 00:12:10,84.0
178119,1,4766121884502904736,revues.org/6438,5501,2017-01-01 00:09:23,23.0
178119,2,4766121884502904736,revues.org,576,2017-01-01 00:09:46,27.0
178119,3,4766121884502904736,revues.org/,103668,2017-01-01 00:10:13,4.0
178119,4,4766121884502904736,revues.org/,213983,2017-01-01 00:10:17,14.0
178119,5,4766121884502904736,revues.org/,213988,2017-01-01 00:10:31,9.0
178119,6,4766121884502904736,revues.org/,103688,2017-01-01 00:10:40,3.0
178119,7,4766121884502904736,revues.org/,213991,2017-01-01 00:10:43,29.0
178119,8,4766121884502904736,leportique.revues.org,60064,2017-01-01 00:11:12,15.0
178119,9,4766121884502904736,leportique.revues.org/2668,18052,2017-01-01 00:11:27,24.0
178119,10,4766121884502904736,leportique.revues.org/2677,30970,2017-01-01 00:11:51,155.0
178119,11,4766121884502904736,leportique.revues.org/2672,30865,2017-01-01 00:14:26,100.0
178119,12,4766121884502904736,leportique.revues.org/2420,29018,2017-01-01 00:16:06,48.0
178119,13,4766121884502904736,leportique.revues.org/797,18248,2017-01-01 00:16:54,21.0
178119,14,4766121884502904736,leportique.revues.org/803,22840,2017-01-01 00:17:15,100.0
178119,15,4766121884502904736,leportique.revues.org/289,32190,2017-01-01 00:18:55,34.0
178119,16,4766121884502904736,leportique.revues.org/319,24646,2017-01-01 00:19:29,33.0
178119,17,4766121884502904736,leportique.revues.org/2668,18052,2017-01-01 00:20:02,1.0
178119,18,4766121884502904736,leportique.revues.org,60064,2017-01-01 00:20:03,7.0
178119,19,4766121884502904736,revues.org/,213991,2017-01-01 00:20:10,13.0
178119,20,4766121884502904736,revues.org/,214118,2017-01-01 00:20:23,13.0
178119,21,4766121884502904736,revues.org/,103708,2017-01-01 00:20:36,51.0
178119,22,4766121884502904736,revues.org/,214134,2017-01-01 00:21:27,180.0
178119,23,4766121884502904736,philonsorbonne.revues.org,84270,2017-01-01 00:24:27,24.0
178119,24,4766121884502904736,philonsorbonne.revues.org/80,112694,2017-01-01 00:24:51,110.0
178119,25,4766121884502904736,philosophique.revues.org/889,214206,2017-01-01 00:26:41,67.0
178119,26,4766121884502904736,philosophique.revues.org,16632,2017-01-01 00:27:48,12.0
178119,27,4766121884502904736,philosophique.revues.org/79,41330,2017-01-01 00:28:00,85.0
178119,28,4766121884502904736,philosophiascientiae.revues.org,38941,2017-01-01 00:29:25,269.0
178119,29,4766121884502904736,noesis.revues.org,3530,2017-01-01 00:33:54,55.0
178119,30,4766121884502904736,methodos.revues.org,46917,2017-01-01 00:34:49,69.0
178119,31,4766121884502904736,asterion.revues.org,44675,2017-01-01 00:35:58,9.0
178119,32,4766121884502904736,asterion.revues.org/2777,74779,2017-01-01 00:36:07,17.0
178119,33,4766121884502904736,asterion.revues.org/2684,74832,2017-01-01 00:36:24,6.0
178119,34,4766121884502904736,asterion.revues.org/2589,74922,2017-01-01 00:36:30,5.0
178119,35,4766121884502904736,asterion.revues.org/2469,4446,2017-01-01 00:36:35,6.0
178119,36,4766121884502904736,asterion.revues.org/2332,130470,2017-01-01 00:36:41,7.0
178119,37,4766121884502904736,asterion.revues.org/2777,74779,2017-01-01 00:36:48,1.0
178139,1,4463078706948030397,vertigo.revues.org/1805,213978,2017-01-01 00:09:57,427.0
178144,1,14354512445619961693,freakonometrics.hypotheses.org/2289,144342,2017-01-01 00:10:06,42.0
178152,1,2596803098461798393,cybergeo.revues.org/18342,907,2017-01-01 00:10:21,104.0
178162,1,5263542839115044650,rechercheformation.revues.org/1569,136082,2017-01-01 00:10:53,549.0
178162,2,5263542839115044650,educationdidactique.revues.org/1005,1356,2017-01-01 00:20:02,802.0
178166,1,16682449913484036599,encyclopedieberbere.revues.org/473,213995,2017-01-01 00:11:11,11.0
178166,2,16682449913484036599,encyclopedieberbere.revues.org/2833,199222,2017-01-01 00:11:22,15.0
178166,3,16682449913484036599,encyclopedieberbere.revues.org/78,213233,2017-01-01 00:11:37,6.0
178167,1,6812110029025435415,bifea.revues.org/2396,21084,2017-01-01 00:11:12,283.0
178167,2,6812110029025435415,bifea.revues.org/2396,21084,2017-01-01 00:15:55,1155.0
178168,1,16062396261429420655,iqbal.hypotheses.org,78167,2017-01-01 00:11:13,77.0
178168,2,16062396261429420655,iqbal.hypotheses.org/category/biblio-مكتبة/كتب-عربية,214013,2017-01-01 00:12:30,53.0
178168,3,16062396261429420655,iqbal.hypotheses.org/1885,132097,2017-01-01 00:13:23,197.0
178171,1,15790684449367034713,alsace.revues.org/2254,213999,2017-01-01 00:11:29,27.0
178171,2,15790684449367034713,alsace.revues.org/2254,213999,2017-01-01 00:11:56,143.0
178173,1,12691702546452226799,1895.revues.org,26827,2017-01-01 00:11:35,79.0
178177,1,13473165762744648243,calenda.org/194947,113645,2017-01-01 00:11:50,15.0
178177,2,13473165762744648243,calenda.org/206283,113641,2017-01-01 00:12:05,10.0
178177,3,13473165762744648243,calenda.org/205316,113667,2017-01-01 00:12:15,41.0
178180,1,11678307885489976010,surunsonrap.hypotheses.org/2044,44677,2017-01-01 00:11:52,372.0
178181,1,15465932064776084915,confins.revues.org/9907,12247,2017-01-01 00:11:56,592.0
178182,1,9927319729426053929,lectures.revues.org/11317,33282,2017-01-01 00:11:58,303.0
178183,1,10762719408386279438,soziologieblog.hypotheses.org/9953,42902,2017-01-01 00:12:02,270.0
178185,1,7054725513316667573,marges.revues.org,18184,2017-01-01 00:12:03,50.0
178185,2,7054725513316667573,marges.revues.org/835,214018,2017-01-01 00:12:53,26.0
178185,3,7054725513316667573,marges.revues.org/77,77270,2017-01-01 00:13:19,59.0
178202,1,12687182189770872258,abolition.hypotheses.org/796,49262,2017-01-01 00:12:34,175.0
178213,1,11017258282930668803,communication.revues.org/3530,36150,2017-01-01 00:13:30,1298.0
178228,1,184827136030948356,questionsdecommunication.revues.org/4999,23412,2017-01-01 00:14:04,1077.0
178231,1,10860090435414911380,espacepolitique.revues.org/1138,214038,2017-01-01 00:14:10,19.0
178231,2,10860090435414911380,espacepolitique.revues.org/3946,57410,2017-01-01 00:14:29,146.0
178231,3,10860090435414911380,espacepolitique.revues.org/3946,57410,2017-01-01 00:16:55,6.0
178242,1,9141544097550320134,lectures.revues.org,4993,2017-01-01 00:14:44,76.0
178245,1,7358631742133737,corpus.revues.org/2301,39621,2017-01-01 00:14:49,48.0
178247,1,10566694325058966155,fcs.revues.org,12594,2017-01-01 00:14:59,958.0
178248,1,7738184339076830967,etudesafricaines.revues.org,10387,2017-01-01 00:14:59,49.0
178248,2,7738184339076830967,etudesafricaines.revues.org/209,30199,2017-01-01 00:15:48,154.0
178256,1,13600989295280460851,books.openedition.org/pufr/276,210052,2017-01-01 00:15:38,29.0
178259,1,3180950444597507246,fautrasz.hypotheses.org,57451,2017-01-01 00:15:48,77.0
178261,1,7478042570738919104,books.openedition.org/ifea/3997,214051,2017-01-01 00:15:54,30.0
178261,2,7478042570738919104,books.openedition.org/ifea/3998,214062,2017-01-01 00:16:24,22.0
178265,1,10923729731228181767,cpa.hypotheses.org/3137,214055,2017-01-01 00:16:06,1686.0
178265,2,10923729731228181767,cpa.hypotheses.org/1054,214441,2017-01-01 00:44:12,3.0
178265,3,10923729731228181767,cpa.hypotheses.org/843,214443,2017-01-01 00:44:15,583.0
178265,4,10923729731228181767,cpa.hypotheses.org/4910,214598,2017-01-01 00:53:58,3.0
178265,5,10923729731228181767,cpa.hypotheses.org/5703,214600,2017-01-01 00:54:01,4.0
178265,6,10923729731228181767,cpa.hypotheses.org/3213,214602,2017-01-01 00:54:05,721.0
178265,7,10923729731228181767,cpa.hypotheses.org/1846,214761,2017-01-01 01:06:06,1.0
178265,8,10923729731228181767,cpa.hypotheses.org/5703,214600,2017-01-01 01:06:07,43.0
178265,9,10923729731228181767,cpa.hypotheses.org/5567,140390,2017-01-01 01:06:50,306.0
178265,10,10923729731228181767,cpa.hypotheses.org/5558,214849,2017-01-01 01:11:56,1266.0
178265,11,10923729731228181767,cpa.hypotheses.org/1846,214761,2017-01-01 01:33:02,60.0
178265,12,10923729731228181767,cpa.hypotheses.org/221,215094,2017-01-01 01:34:02,6.0
178265,13,10923729731228181767,cpa.hypotheses.org/163,215100,2017-01-01 01:34:08,346.0
178265,14,10923729731228181767,cpa.hypotheses.org/2158,215167,2017-01-01 01:39:54,0.0
178265,15,10923729731228181767,cpa.hypotheses.org/209,215169,2017-01-01 01:39:54,5.0
178265,16,10923729731228181767,cpa.hypotheses.org/5165,215173,2017-01-01 01:39:59,709.0
178265,17,10923729731228181767,cpa.hypotheses.org/4339,215322,2017-01-01 01:51:48,1.0
178265,18,10923729731228181767,cpa.hypotheses.org/181,215324,2017-01-01 01:51:49,28.0
178265,19,10923729731228181767,cpa.hypotheses.org/5581,215329,2017-01-01 01:52:17,7.0
178265,20,10923729731228181767,cpa.hypotheses.org/4244,215334,2017-01-01 01:52:24,235.0
178265,21,10923729731228181767,cpa.hypotheses.org/5348,169915,2017-01-01 01:56:19,32.0
178265,22,10923729731228181767,cpa.hypotheses.org/716,155630,2017-01-01 01:56:51,23.0
178265,23,10923729731228181767,cpa.hypotheses.org/204,215390,2017-01-01 01:57:14,5.0
178265,24,10923729731228181767,cpa.hypotheses.org/168,215392,2017-01-01 01:57:19,15.0
178265,25,10923729731228181767,cpa.hypotheses.org/5492,215400,2017-01-01 01:57:34,30.0
178265,26,10923729731228181767,cpa.hypotheses.org/2136,215410,2017-01-01 01:58:04,281.0
178269,1,9327830463045230733,books.openedition.org/ifpo/6572,112984,2017-01-01 00:16:14,118.0
178271,1,5052609324938089292,entrelacs.revues.org/1703,152828,2017-01-01 00:16:18,68.0
178271,2,5052609324938089292,entrelacs.revues.org/1754,214075,2017-01-01 00:17:26,235.0
178271,3,5052609324938089292,entrelacs.revues.org/1802,214133,2017-01-01 00:21:21,490.0
178271,4,5052609324938089292,entrelacs.revues.org/1703,152828,2017-01-01 00:29:31,4.0
178271,5,5052609324938089292,entrelacs.revues.org/1802,214133,2017-01-01 00:29:35,9.0
178271,6,5052609324938089292,entrelacs.revues.org/1841,172330,2017-01-01 00:29:44,9.0
178272,1,4432759992962327875,geomorphologie.revues.org/9911,147716,2017-01-01 00:16:18,27.0
178279,1,16443200291872435718,communicationorganisation.revues.org/1979,2601,2017-01-01 00:16:34,69.0
178293,1,8865949713351012228,etudescaribeennes.revues.org/10341,151381,2017-01-01 00:17:11,42.0
178298,1,15775266241831538988,remmm.revues.org/2969,39845,2017-01-01 00:17:27,181.0
178314,1,11846094946989638382,rccsar.revues.org/433,20143,2017-01-01 00:18:20,339.0
178320,1,4136313274727102659,pontourbe.revues.org/341,187097,2017-01-01 00:18:26,258.0
178321,1,5213453873254086691,physio-geo.revues.org/1581,56733,2017-01-01 00:18:27,1354.0
178325,1,12039158979787519025,ahl.hypotheses.org/105,44086,2017-01-01 00:18:33,15.0
178325,2,12039158979787519025,ahl.hypotheses.org/credits,214087,2017-01-01 00:18:48,9.0
178328,1,12510569004959741354,span.revues.org/540,3425,2017-01-01 00:18:47,218.0
178332,1,15391418350540080234,osp.revues.org/2344,214092,2017-01-01 00:18:57,142.0
178334,1,5008221126594620709,calenda.org,113894,2017-01-01 00:19:00,9.0
178341,1,18098849661773844771,realista.hypotheses.org/1007,214100,2017-01-01 00:19:11,1577.0
178341,2,18098849661773844771,francoisjullien.hypotheses.org/761,214464,2017-01-01 00:45:28,1714.0
178345,1,3069891045499462709,books.openedition.org/editionsbnf/1116,117578,2017-01-01 00:19:23,14.0
178349,1,9490471810371570164,formationemploi.revues.org/2495,214107,2017-01-01 00:19:42,331.0
178355,1,6650401601171736619,trema.revues.org/1678,67616,2017-01-01 00:19:52,1245.0
178364,1,7612405563030962186,surunsonrap.hypotheses.org/2044,44677,2017-01-01 00:20:17,210.0
178370,1,5884556784856460343,books.openedition.org/ifea/4634,214120,2017-01-01 00:20:27,122.0
178371,1,16658183997449647124,freakonometrics.hypotheses.org,42880,2017-01-01 00:20:32,6.0
178374,1,4230723306665423430,hommesmigrations.revues.org/1403,214123,2017-01-01 00:20:42,84.0
178374,2,4230723306665423430,hommesmigrations.revues.org/1395,214142,2017-01-01 00:22:06,21.0
178374,3,4230723306665423430,hommesmigrations.revues.org/1854,214146,2017-01-01 00:22:27,2.0
178374,4,4230723306665423430,hommesmigrations.revues.org/1407,214148,2017-01-01 00:22:29,107.0
178374,5,4230723306665423430,hommesmigrations.revues.org/3056,125240,2017-01-01 00:24:16,129.0
178374,6,4230723306665423430,hommesmigrations.revues.org/2570,214204,2017-01-01 00:26:25,4.0
178374,7,4230723306665423430,hommesmigrations.revues.org/1395,214142,2017-01-01 00:26:29,23.0
178374,8,4230723306665423430,hommesmigrations.revues.org/2568,214208,2017-01-01 00:26:52,14.0
178374,9,4230723306665423430,hommesmigrations.revues.org/2866,153899,2017-01-01 00:27:06,223.0
178374,10,4230723306665423430,hommesmigrations.revues.org/1397,214257,2017-01-01 00:30:49,7.0
178378,1,11448069131415365742,nomundodosmuseus.hypotheses.org/3234,92494,2017-01-01 00:20:45,42.0
178379,1,17453940184416799388,insaniyat.revues.org/5175,214126,2017-01-01 00:20:48,187.0
178379,2,17453940184416799388,lectures.revues.org/7586,214165,2017-01-01 00:23:55,116.0
178380,1,10200912501830002967,transposition.revues.org/325,25333,2017-01-01 00:20:48,988.0
178390,1,16190871319677817416,russeurope.hypotheses.org/5367,83930,2017-01-01 00:21:35,60.0
178391,1,15630972926413326569,leportique.revues.org/857,16465,2017-01-01 00:21:35,52.0
178391,2,15630972926413326569,leportique.revues.org/948,72359,2017-01-01 00:22:27,122.0
178391,3,15630972926413326569,histoire-education.revues.org/1401,214175,2017-01-01 00:24:29,67.0
178391,4,15630972926413326569,histoire-education.revues.org/1401,214175,2017-01-01 00:25:36,1142.0
178406,1,16708126026187868179,histoire-education.revues.org/1422,9403,2017-01-01 00:22:18,889.0
178408,1,4128421842857027295,mad.hypotheses.org/328,56735,2017-01-01 00:22:26,1201.0
178415,1,10220308552768612231,nuevomundo.revues.org/3834,214152,2017-01-01 00:22:44,16.0
178416,1,634630746980716574,urfistinfo.hypotheses.org/1025,62493,2017-01-01 00:22:45,6.0
178420,1,1826594370855818902,sociologies.revues.org/4534,75407,2017-01-01 00:22:57,6.0
178428,1,13130721846307931182,raan.hypotheses.org/541,214157,2017-01-01 00:23:24,84.0
178438,1,3604351636473281518,anthropologiesante.revues.org/1015,695,2017-01-01 00:23:57,33.0
178438,2,3604351636473281518,ethiquepublique.revues.org/1935,10867,2017-01-01 00:24:30,111.0
178438,3,3604351636473281518,ethiquepublique.revues.org/1935,10867,2017-01-01 00:26:21,23.0
178438,4,3604351636473281518,anthropologiesante.revues.org/1015,695,2017-01-01 00:26:44,36.0
178439,1,4669978953885302533,remmm.revues.org/6421,214167,2017-01-01 00:23:58,324.0
178439,2,4669978953885302533,remmm.revues.org/6421,214167,2017-01-01 00:29:22,81.0
178439,3,4669978953885302533,revues.org/,23878,2017-01-01 00:30:43,110.0
178439,4,4669978953885302533,revues.org/,30593,2017-01-01 00:32:33,455.0
178439,5,4669978953885302533,revues.org/,30593,2017-01-01 00:40:08,599.0
178439,6,4669978953885302533,revues.org/,23878,2017-01-01 00:50:07,42.0
178440,1,5122609285032755484,genesis.revues.org/1010,214169,2017-01-01 00:23:58,55.0
178440,2,5122609285032755484,1895.revues.org/5024,214183,2017-01-01 00:24:53,293.0
178444,1,1410492539831137341,etnografica.revues.org/1660,50727,2017-01-01 00:24:10,16.0
178451,1,11987038029792985117,clinoeil.hypotheses.org,113900,2017-01-01 00:24:28,50.0
178457,1,6653668453199033345,etudes-benthamiennes.revues.org/182,60033,2017-01-01 00:24:38,520.0
178463,1,17383687008996321461,encyclopedieberbere.revues.org/153,30812,2017-01-01 00:24:59,216.0
178463,2,17383687008996321461,encyclopedieberbere.revues.org/833,25458,2017-01-01 00:28:35,464.0
178463,3,17383687008996321461,encyclopedieberbere.revues.org/153,30812,2017-01-01 00:36:19,26.0
178463,4,17383687008996321461,encyclopedieberbere.revues.org/819,214334,2017-01-01 00:36:45,555.0
178463,5,17383687008996321461,encyclopedieberbere.revues.org/153,30812,2017-01-01 00:46:00,27.0
178463,6,17383687008996321461,encyclopedieberbere.revues.org/779,214480,2017-01-01 00:46:27,82.0
178463,7,17383687008996321461,encyclopedieberbere.revues.org/153,30812,2017-01-01 00:47:49,14.0
178463,8,17383687008996321461,encyclopedieberbere.revues.org/767,214509,2017-01-01 00:48:03,386.0
178463,9,17383687008996321461,encyclopedieberbere.revues.org/153,30812,2017-01-01 00:54:29,17.0
178463,10,17383687008996321461,encyclopedieberbere.revues.org/788,141158,2017-01-01 00:54:46,164.0
178463,11,17383687008996321461,encyclopedieberbere.revues.org/153,30812,2017-01-01 00:57:30,23.0
178463,12,17383687008996321461,encyclopedieberbere.revues.org/1876,214642,2017-01-01 00:57:53,84.0
178463,13,17383687008996321461,encyclopedieberbere.revues.org/153,30812,2017-01-01 00:59:17,30.0
178464,1,8731685701387147058,philonsorbonne.revues.org/584,4333,2017-01-01 00:25:00,355.0
178473,1,489052634879901931,ceb.revues.org,26051,2017-01-01 00:25:33,28.0
178474,1,6726501634750691866,dhmuc.hypotheses.org/workshop-digitale-editionen-und-auszeichnungssprachen,214193,2017-01-01 00:25:45,244.0
178474,2,6726501634750691866,dhmuc.hypotheses.org/workshop-digitale-editionen-und-auszeichnungssprachen,214193,2017-01-01 00:29:49,14.0
178474,3,6726501634750691866,dhmuc.hypotheses.org,131831,2017-01-01 00:30:03,19.0
178475,1,17862282153316416624,confins.revues.org/9907,12247,2017-01-01 00:25:46,103.0
178484,1,6038350844926365961,sms.hypotheses.org/755,136337,2017-01-01 00:26:23,216.0
178489,1,13758244602268016142,etudesphotographiques.revues.org/99,1450,2017-01-01 00:26:30,73.0
178495,1,14641743838828272324,beo.revues.org/1038,38324,2017-01-01 00:26:53,37.0
178496,1,5804184084088864320,leruche.hypotheses.org,117530,2017-01-01 00:26:53,26.0
178496,2,5804184084088864320,leruche.hypotheses.org/424,214223,2017-01-01 00:27:19,31.0
178506,1,12640666662246268220,clio.revues.org/9851,95788,2017-01-01 00:27:09,36.0
178506,2,12640666662246268220,clio.revues.org,44102,2017-01-01 00:27:45,6.0
178507,1,6999619219652944653,medievales.revues.org/,214218,2017-01-01 00:27:10,17.0
178507,2,6999619219652944653,medievales.revues.org/1171,16223,2017-01-01 00:27:27,7.0
178507,3,6999619219652944653,medievales.revues.org/710,37509,2017-01-01 00:27:34,12.0
178510,1,7969900607946835957,terrabrasilis.revues.org/990,10622,2017-01-01 00:27:16,50.0
178511,1,2713237567417860518,antisem19c.hypotheses.org/593,214221,2017-01-01 00:27:19,262.0
178517,1,2813739743083607236,trajectoires.revues.org/213,5496,2017-01-01 00:27:41,236.0
178517,2,2813739743083607236,trajectoires.revues.org/166,214268,2017-01-01 00:31:37,3.0
178520,1,3355015379450239969,lectures.revues.org/21767,10995,2017-01-01 00:27:47,187.0
178520,2,3355015379450239969,lectures.revues.org/168,14650,2017-01-01 00:30:54,22.0
178530,1,233895576318431495,ceroart.revues.org/3361,33058,2017-01-01 00:28:15,21.0
178545,1,15762790701941550853,sociologie.revues.org,3794,2017-01-01 00:29:07,110.0
178555,1,5752865140092971038,cve.revues.org/1619,98454,2017-01-01 00:29:27,55.0
178555,2,5752865140092971038,cve.revues.org/1619,98454,2017-01-01 00:30:22,194.0
178576,1,17176146231819788929,ejas.revues.org/10695,25596,2017-01-01 00:30:24,262.0
178576,2,17176146231819788929,ejas.revues.org/10695,25596,2017-01-01 00:34:46,178.0
178576,3,17176146231819788929,ejas.revues.org/10695,25596,2017-01-01 00:37:44,1655.0
178580,1,15267030115650407278,rfsic.revues.org/805,214255,2017-01-01 00:30:34,95.0
178586,1,16404781183877327001,lxnights.hypotheses.org/378,50658,2017-01-01 00:30:54,17.0
178595,1,12841435286590428374,parisconsortium.hypotheses.org/128,132094,2017-01-01 00:31:30,203.0
178600,1,4480739333400408704,iqbal.hypotheses.org/2914,214270,2017-01-01 00:31:39,497.0
178600,2,4480739333400408704,iqbal.hypotheses.org/a-propos/reda-benkirane,191210,2017-01-01 00:39:56,53.0
178601,1,8381514686538256145,1895.revues.org/85,214271,2017-01-01 00:31:44,613.0
178601,2,8381514686538256145,1895.revues.org/85,103809,2017-01-01 00:41:57,270.0
178626,1,10022188073315382825,cea.revues.org/187,64454,2017-01-01 00:32:39,44.0
178628,1,1508186950768179432,difdepo.hypotheses.org/604,214281,2017-01-01 00:32:39,158.0
178632,1,14732804340510813838,irht.hypotheses.org/604,203232,2017-01-01 00:32:53,21.0
178633,1,2725998394436758213,lapurdum.revues.org/359,98518,2017-01-01 00:32:53,638.0
178634,1,16145526903851955682,books.openedition.org/cemca/1438,140587,2017-01-01 00:32:54,16.0
178634,2,16145526903851955682,books.openedition.org/cemca/1438,140587,2017-01-01 00:33:10,1264.0
178638,1,12083717626415157865,histpubliq.hypotheses.org,43993,2017-01-01 00:33:11,14.0
178642,1,10590899847947509565,books.openedition.org/iremam/676,214287,2017-01-01 00:33:21,297.0
178644,1,278873633563937805,iconoconte.hypotheses.org/category/folklore/page/3,214291,2017-01-01 00:33:24,2.0
178644,2,278873633563937805,iconoconte.hypotheses.org/category/folklore/page/3,214291,2017-01-01 00:33:26,13.0
178644,3,278873633563937805,iconoconte.hypotheses.org/category/folklore/page/3,214291,2017-01-01 00:33:39,3.0
178649,1,12943984493188212148,cem.revues.org/12785,154291,2017-01-01 00:33:44,412.0
178649,2,12943984493188212148,cem.revues.org/12743,214388,2017-01-01 00:40:36,100.0
178649,3,12943984493188212148,cem.revues.org/12893,214413,2017-01-01 00:42:16,82.0
178649,4,12943984493188212148,cem.revues.org/12743,214388,2017-01-01 00:43:38,7.0
178649,5,12943984493188212148,cem.revues.org/12791,30405,2017-01-01 00:43:45,212.0
178649,6,12943984493188212148,cem.revues.org/14301,46519,2017-01-01 00:47:17,44.0
178649,7,12943984493188212148,cem.revues.org/14328,214507,2017-01-01 00:48:01,106.0
178649,8,12943984493188212148,cem.revues.org/14301,46519,2017-01-01 00:49:47,26.0
178649,9,12943984493188212148,cem.revues.org/14039,46576,2017-01-01 00:50:13,43.0
178649,10,12943984493188212148,cem.revues.org/13760,57929,2017-01-01 00:50:56,41.0
178649,11,12943984493188212148,cem.revues.org/13937,129076,2017-01-01 00:51:37,85.0
178649,12,12943984493188212148,cem.revues.org/13760,57929,2017-01-01 00:53:02,41.0
178649,13,12943984493188212148,cem.revues.org/13458,46500,2017-01-01 00:53:43,38.0
178649,14,12943984493188212148,cem.revues.org/13322,46882,2017-01-01 00:54:21,34.0
178649,15,12943984493188212148,cem.revues.org/13160,103716,2017-01-01 00:54:55,40.0
178649,16,12943984493188212148,cem.revues.org/13194,214624,2017-01-01 00:55:35,271.0
178649,17,12943984493188212148,cem.revues.org/13160,103716,2017-01-01 01:00:06,17.0
178649,18,12943984493188212148,cem.revues.org/13251,91155,2017-01-01 01:00:23,291.0
178649,19,12943984493188212148,cem.revues.org/12922,103974,2017-01-01 01:05:14,57.0
178649,20,12943984493188212148,cem.revues.org/12969,214764,2017-01-01 01:06:11,30.0
178649,21,12943984493188212148,cem.revues.org/12922,103974,2017-01-01 01:06:41,59.0
178649,22,12943984493188212148,cem.revues.org/12223,103913,2017-01-01 01:07:40,31.0
178649,23,12943984493188212148,cem.revues.org/11848,214788,2017-01-01 01:08:11,21.0
178649,24,12943984493188212148,cem.revues.org/11439,109905,2017-01-01 01:08:32,29.0
178649,25,12943984493188212148,cem.revues.org/11028,121676,2017-01-01 01:09:01,35.0
178649,26,12943984493188212148,cem.revues.org/5542,214808,2017-01-01 01:09:36,24.0
178649,27,12943984493188212148,cem.revues.org/1023,214810,2017-01-01 01:10:00,12.0
178649,28,12943984493188212148,cem.revues.org/128,214816,2017-01-01 01:10:12,42.0
178649,29,12943984493188212148,cem.revues.org/830,214832,2017-01-01 01:10:54,96.0
178649,30,12943984493188212148,cem.revues.org/128,214816,2017-01-01 01:12:30,25.0
178649,31,12943984493188212148,cem.revues.org/627,109882,2017-01-01 01:12:55,15.0
178649,32,12943984493188212148,cem.revues.org/820,57938,2017-01-01 01:13:10,35.0
178649,33,12943984493188212148,cem.revues.org/904,214878,2017-01-01 01:13:45,91.0
178649,34,12943984493188212148,cem.revues.org/820,57938,2017-01-01 01:15:16,24.0
178649,35,12943984493188212148,cem.revues.org/2702,46848,2017-01-01 01:15:40,20.0
178649,36,12943984493188212148,cem.revues.org/3132,214897,2017-01-01 01:16:00,133.0
178649,37,12943984493188212148,cem.revues.org/2702,46848,2017-01-01 01:18:13,7.0
178649,38,12943984493188212148,cem.revues.org/14301,46519,2017-01-01 01:18:20,54.0
178649,39,12943984493188212148,cem.revues.org/14447,157542,2017-01-01 01:19:14,9.0
178649,40,12943984493188212148,cem.revues.org/14448,214937,2017-01-01 01:19:23,12.0
178649,41,12943984493188212148,cem.revues.org/14447,157542,2017-01-01 01:19:35,2.0
178649,42,12943984493188212148,cem.revues.org/14301,46519,2017-01-01 01:19:37,13.0
178649,43,12943984493188212148,cem.revues.org/14039,46576,2017-01-01 01:19:50,38.0
178649,44,12943984493188212148,cem.revues.org/14191,214959,2017-01-01 01:20:28,126.0
178649,45,12943984493188212148,cem.revues.org/14191,214959,2017-01-01 01:22:34,5.0
178649,46,12943984493188212148,cem.revues.org/14039,46576,2017-01-01 01:22:39,10.0
178649,47,12943984493188212148,cem.revues.org/13760,57929,2017-01-01 01:22:49,27.0
178649,48,12943984493188212148,cem.revues.org/13458,46500,2017-01-01 01:23:16,23.0
178649,49,12943984493188212148,cem.revues.org/13760,57929,2017-01-01 01:23:39,19.0
178649,50,12943984493188212148,cem.revues.org/13458,46500,2017-01-01 01:23:58,18.0
178649,51,12943984493188212148,cem.revues.org/13322,46882,2017-01-01 01:24:16,43.0
178649,52,12943984493188212148,cem.revues.org/13458,46500,2017-01-01 01:24:59,4.0
178649,53,12943984493188212148,cem.revues.org/13760,57929,2017-01-01 01:25:03,1.0
178649,54,12943984493188212148,cem.revues.org/13458,46500,2017-01-01 01:25:04,1.0
178649,55,12943984493188212148,cem.revues.org/13760,57929,2017-01-01 01:25:05,2.0
178650,1,3892006662796207646,russeurope.hypotheses.org,42063,2017-01-01 00:33:45,875.0
178658,1,10756701372022685581,calenda.org/thankyou,130414,2017-01-01 00:34:10,46.0
178658,2,10756701372022685581,calenda.org/387245,127410,2017-01-01 00:34:56,179.0
178658,3,10756701372022685581,calenda.org/387245,127410,2017-01-01 00:37:55,100.0
178658,4,10756701372022685581,calenda.org/387599,214367,2017-01-01 00:39:35,71.0
178658,5,10756701372022685581,calenda.org/376694,214390,2017-01-01 00:40:46,594.0
178658,6,10756701372022685581,calenda.org/381417,214555,2017-01-01 00:50:40,173.0
178658,7,10756701372022685581,calenda.org/384562,137685,2017-01-01 00:53:33,136.0
178658,8,10756701372022685581,calenda.org/384060,198820,2017-01-01 00:55:49,151.0
178658,9,10756701372022685581,calenda.org/384293,214654,2017-01-01 00:58:20,182.0
178658,10,10756701372022685581,calenda.org/376997,214699,2017-01-01 01:01:22,68.0
178660,1,13589309845754544634,sociologies.revues.org/2902,19659,2017-01-01 00:34:16,26.0
178664,1,16452916999858377946,lectures.revues.org/1430,5314,2017-01-01 00:34:29,64.0
178674,1,8051548056742782343,assr.revues.org/21870,5088,2017-01-01 00:34:56,209.0
178678,1,1882598296180701046,transatlantica.revues.org/5706,14639,2017-01-01 00:34:59,968.0
178681,1,4216038252012634275,assr.revues.org/25449,214311,2017-01-01 00:35:10,121.0
178697,1,5471320514094453533,sinelege.hypotheses.org/tag/communication/page/3,214317,2017-01-01 00:36:00,13.0
178697,2,5471320514094453533,sinelege.hypotheses.org/598,214323,2017-01-01 00:36:13,4.0
178704,1,16204965611082984090,ticetsociete.revues.org/1073,214325,2017-01-01 00:36:16,757.0
178713,1,9300292859086874260,russeurope.hypotheses.org,42063,2017-01-01 00:36:46,11.0
178714,1,13314788206163686235,maroc1915.hypotheses.org/214,214336,2017-01-01 00:36:46,48.0
178714,2,13314788206163686235,maroc1915.hypotheses.org/435,78754,2017-01-01 00:37:34,16.0
178714,3,13314788206163686235,maroc1915.hypotheses.org/435,78754,2017-01-01 00:37:50,28.0
178714,4,13314788206163686235,maroc1915.hypotheses.org/860,185892,2017-01-01 00:38:18,222.0
178714,5,13314788206163686235,maroc1915.hypotheses.org/715,198654,2017-01-01 00:42:00,270.0
178725,1,4731183444324871225,iam.hypotheses.org/103,96872,2017-01-01 00:37:08,15.0
178727,1,13751541111482289194,ejts.revues.org,42447,2017-01-01 00:37:15,33.0
178728,1,7633516862433802179,questionsdecommunication.revues.org/254,2771,2017-01-01 00:37:17,144.0
178728,2,7633516862433802179,questionsdecommunication.revues.org/254,2771,2017-01-01 00:39:41,93.0
178728,3,7633516862433802179,edc.revues.org/1865,214403,2017-01-01 00:41:14,68.0
178729,1,2655960438059858039,aggiornamento.hypotheses.org/2319,214344,2017-01-01 00:37:20,21.0
178729,2,2655960438059858039,aggiornamento.hypotheses.org/2319,214344,2017-01-01 00:37:41,130.0
178729,3,2655960438059858039,aggiornamento.hypotheses.org/2319,214344,2017-01-01 00:39:51,86.0
178729,4,2655960438059858039,aggiornamento.hypotheses.org/2319,214344,2017-01-01 00:41:17,54.0
178730,1,4401761357881434890,lrf.revues.org,115,2017-01-01 00:37:30,3.0
178738,1,5981326774829712166,oeconomia.revues.org/1532,138393,2017-01-01 00:37:47,334.0
178739,1,14818046045724639364,mittelalter.hypotheses.org/9249,192172,2017-01-01 00:37:52,122.0
178739,2,14818046045724639364,mittelalter.hypotheses.org/redaktion-und-fach-ressorts,114734,2017-01-01 00:39:54,30.0
178740,1,13218865899303063360,belgeo.revues.org,66367,2017-01-01 00:37:54,31.0
178740,2,13218865899303063360,belgeo.revues.org/8587,17841,2017-01-01 00:38:25,12.0
178743,1,18174839274178272547,geomorphologie.revues.org/10376,214351,2017-01-01 00:38:00,25.0
178743,2,18174839274178272547,geomorphologie.revues.org/10376,214351,2017-01-01 00:38:25,46.0
178749,1,14486687997932144497,crcv.hypotheses.org/2158,169586,2017-01-01 00:38:16,3.0
178749,2,14486687997932144497,crcv.hypotheses.org/2158,169586,2017-01-01 00:38:19,66.0
178749,3,14486687997932144497,crcv.hypotheses.org/2158,169586,2017-01-01 00:39:25,8.0
178749,4,14486687997932144497,crcv.hypotheses.org/2158,169586,2017-01-01 00:39:33,2.0
178753,1,6375241477283400058,calenda.org,113894,2017-01-01 00:38:30,3.0
178763,1,12698763582852927641,lectures.revues.org/8764,36275,2017-01-01 00:39:11,291.0
178785,1,4811608199679883907,ress.revues.org/86,201240,2017-01-01 00:40:15,1372.0
178792,1,1884359882599070546,books.openedition.org/pupo/4079,161411,2017-01-01 00:40:36,157.0
178792,2,1884359882599070546,books.openedition.org/catalogue,118884,2017-01-01 00:43:13,13.0
178796,1,16863386477518643283,economierurale.revues.org/512,214392,2017-01-01 00:40:47,59.0
178796,2,16863386477518643283,norois.revues.org/410,214407,2017-01-01 00:41:46,446.0
178796,3,16863386477518643283,economierurale.revues.org/59,124501,2017-01-01 00:49:12,119.0
178798,1,15947496153934305780,nuevomundo.revues.org/18642,60434,2017-01-01 00:40:51,18.0
178804,1,1107441497325983435,mcv.revues.org/5669,214398,2017-01-01 00:41:07,4.0
178804,2,1107441497325983435,mcv.revues.org,31131,2017-01-01 00:41:11,11.0
178804,3,1107441497325983435,mcv.revues.org,31131,2017-01-01 00:41:22,5.0
178806,1,1474804943824002501,medievales.revues.org/1379,20299,2017-01-01 00:41:09,150.0
178814,1,5380469060368791871,miranda.revues.org/5917,479,2017-01-01 00:41:35,122.0
178821,1,13305492399173120864,etudesecossaises.revues.org/220,149169,2017-01-01 00:41:56,8.0
178823,1,11962977756826023783,nuevomundo.revues.org/66106,13290,2017-01-01 00:41:57,1667.0
178825,1,3773818708932367770,lectures.revues.org/1351,15470,2017-01-01 00:42:13,275.0
178825,2,3773818708932367770,lectures.revues.org.faraway.u-paris10.fr/20571,214492,2017-01-01 00:46:48,40.0
178826,1,4818531107011799770,nuevomundo.revues.org/3685,214409,2017-01-01 00:42:15,1367.0
178827,1,13576070489929206361,books.openedition.org/ifpo/1848,214411,2017-01-01 00:42:16,67.0
178827,2,13576070489929206361,books.openedition.org/ifpo/1848,214411,2017-01-01 00:43:23,16.0
178827,3,13576070489929206361,books.openedition.org/ifpo/1772,214431,2017-01-01 00:43:39,669.0
178828,1,5420077140125827752,remmm.revues.org/275,73975,2017-01-01 00:42:20,443.0
178829,1,18224261985281020261,babel.revues.org/1415,214416,2017-01-01 00:42:29,1240.0
178830,1,17508205675550827815,unibloggt.hypotheses.org,181767,2017-01-01 00:42:32,88.0
178830,2,17508205675550827815,unibloggt.hypotheses.org/1250,162028,2017-01-01 00:44:00,558.0
178830,3,17508205675550827815,unibloggt.hypotheses.org,181767,2017-01-01 00:53:18,25.0
178830,4,17508205675550827815,unibloggt.hypotheses.org/1236,214596,2017-01-01 00:53:43,325.0
178834,1,9256896570460616027,anabases.revues.org/897,209119,2017-01-01 00:42:39,78.0
178834,2,9256896570460616027,anabases.revues.org/897,209119,2017-01-01 00:43:57,13.0
178834,3,9256896570460616027,anabases.revues.org/4028,214439,2017-01-01 00:44:10,121.0
178837,1,3323626137911337261,calenda.org,113894,2017-01-01 00:42:47,81.0
178837,2,3323626137911337261,calenda.org/388609,114333,2017-01-01 00:44:08,438.0
178837,3,3323626137911337261,calenda.org,113894,2017-01-01 00:51:26,37.0
178837,4,3323626137911337261,calenda.org/388553,128236,2017-01-01 00:52:03,17.0
178837,5,3323626137911337261,calenda.org,113894,2017-01-01 00:52:20,209.0
178837,6,3323626137911337261,calenda.org/387222,164550,2017-01-01 00:55:49,612.0
178838,1,7552844264617660705,russeurope.hypotheses.org,42063,2017-01-01 00:43:01,18.0
178842,1,6460948504427832454,aretio.hypotheses.org/156,128352,2017-01-01 00:43:14,181.0
178842,2,6460948504427832454,aretio.hypotheses.org/156,128352,2017-01-01 00:46:15,76.0
178842,3,6460948504427832454,aretio.hypotheses.org/156,128352,2017-01-01 00:47:31,24.0
178848,1,9368161911151108058,encyclopedieberbere.revues.org/1577,214427,2017-01-01 00:43:20,25.0
178850,1,17098482790160403166,russeurope.hypotheses.org/5544,51884,2017-01-01 00:43:27,35.0
178850,2,17098482790160403166,russeurope.hypotheses.org/category/thematiques/theorie-economique,47812,2017-01-01 00:44:02,876.0
178856,1,5297915344472611995,ovipot.hypotheses.org/13646,101481,2017-01-01 00:44:02,856.0
178864,1,9151743372312894199,methodos.revues.org/2124,214445,2017-01-01 00:44:24,465.0
178866,1,10780858601319737816,traduire.revues.org/184,12517,2017-01-01 00:44:32,296.0
178870,1,15098634962925535811,clo.revues.org/1518,366,2017-01-01 00:44:48,79.0
178873,1,15799572770191035971,osp.revues.org/1549,214454,2017-01-01 00:45:14,532.0
178873,2,15799572770191035971,osp.revues.org/1582,185400,2017-01-01 00:54:06,161.0
178875,1,4949364568416837120,attractions.hypotheses.org/tag/1900,214458,2017-01-01 00:45:17,4.0
178877,1,7385142807747142901,alsace.revues.org/72,181346,2017-01-01 00:45:25,63.0
178877,2,7385142807747142901,alsace.revues.org/72,181346,2017-01-01 00:46:28,18.0
178880,1,1248480480007857611,assr.revues.org/1055,11327,2017-01-01 00:45:33,290.0
178885,1,7906524649816722677,rha.revues.org/7922,40198,2017-01-01 00:45:46,380.0
178885,2,7906524649816722677,rha.revues.org/6797,87521,2017-01-01 00:52:06,43.0
178885,3,7906524649816722677,rha.revues.org/6964,3313,2017-01-01 00:52:49,31.0
178885,4,7906524649816722677,rha.revues.org/7676,65361,2017-01-01 00:53:20,45.0
178890,1,57593809260149244,lirico.revues.org/468,213606,2017-01-01 00:45:59,123.0
178890,2,57593809260149244,lirico.revues.org/468,213606,2017-01-01 00:48:02,83.0
178890,3,57593809260149244,lirico.revues.org/468,213606,2017-01-01 00:49:25,289.0
178894,1,6810908639645215664,books.openedition.org/pum/142,214472,2017-01-01 00:46:09,196.0
178914,1,3274119211335017158,com.revues.org/1096,72651,2017-01-01 00:47:11,1066.0
178916,1,2293233180609429301,ethnomusicologie.revues.org/965,213493,2017-01-01 00:47:12,16.0
178917,1,9464615417398013571,books.openedition.org/pur/23627,152576,2017-01-01 00:47:16,12.0
178920,1,14351913676986676535,encyclopedieberbere.revues.org/241,214499,2017-01-01 00:47:29,159.0
178920,2,14351913676986676535,encyclopedieberbere.revues.org/2366,214537,2017-01-01 00:50:08,10.0
178920,3,14351913676986676535,encyclopedieberbere.revues.org/241,214499,2017-01-01 00:50:18,13.0
178928,1,10810362793851931965,fcs.revues.org/1584,19365,2017-01-01 00:47:56,7.0
178928,2,10810362793851931965,fcs.revues.org/1584,19365,2017-01-01 00:48:03,1.0
178930,1,18211427368344113721,archeosciences.revues.org,5890,2017-01-01 00:48:04,224.0
178932,1,5581225219874618370,corela.revues.org/4745,124532,2017-01-01 00:48:11,12.0
178932,2,5581225219874618370,corela.revues.org/130,188136,2017-01-01 00:48:23,20.0
178932,3,5581225219874618370,corela.revues.org/4120,214520,2017-01-01 00:48:43,264.0
178939,1,17892349407670374775,developpementdurable.revues.org/4121,22246,2017-01-01 00:48:29,1162.0
178940,1,13476726441377641048,aaa.revues.org/414,37958,2017-01-01 00:48:30,73.0
178940,2,13476726441377641048,aaa.revues.org/414,37958,2017-01-01 00:49:43,55.0
178940,3,13476726441377641048,aaa.revues.org/414,37958,2017-01-01 00:50:38,33.0
178940,4,13476726441377641048,aaa.revues.org/414,37958,2017-01-01 00:51:11,50.0
178940,5,13476726441377641048,aaa.revues.org/902,3523,2017-01-01 00:52:01,52.0
178940,6,13476726441377641048,aaa.revues.org/902,3523,2017-01-01 00:52:53,49.0
178940,7,13476726441377641048,aaa.revues.org/902,3523,2017-01-01 00:53:42,13.0
178940,8,13476726441377641048,aaa.revues.org/920,4536,2017-01-01 00:53:55,27.0
178940,9,13476726441377641048,aaa.revues.org/920,4536,2017-01-01 00:54:22,25.0
178940,10,13476726441377641048,aaa.revues.org/920,4536,2017-01-01 00:54:47,13.0
178941,1,4641163372145187588,diwan.hypotheses.org,67239,2017-01-01 00:48:32,10.0
178941,2,4641163372145187588,diwan.hypotheses.org/membres-et-adhesion,123161,2017-01-01 00:48:42,6.0
178941,3,4641163372145187588,diwan.hypotheses.org/membres-et-adhesion/annuaire-des-doctorants,73888,2017-01-01 00:48:48,75.0
178941,4,4641163372145187588,diwan.hypotheses.org/membres-et-adhesion/annuaire-des-doctorants,73888,2017-01-01 00:50:03,438.0
178941,5,4641163372145187588,diwan.hypotheses.org/membres-et-adhesion/annuaire-des-doctorants,73888,2017-01-01 00:57:21,56.0
178941,6,4641163372145187588,diwan.hypotheses.org/membres-et-adhesion/annuaire-des-doctorants,73888,2017-01-01 00:58:17,600.0
178941,7,4641163372145187588,diwan.hypotheses.org/membres-et-adhesion/annuaire-des-doctorants,73888,2017-01-01 01:08:17,69.0
178941,8,4641163372145187588,diwan.hypotheses.org/membres-et-adhesion/annuaire-des-doctorants,73888,2017-01-01 01:09:26,59.0
178941,9,4641163372145187588,diwan.hypotheses.org/membres-et-adhesion/annuaire-des-doctorants,73888,2017-01-01 01:10:25,270.0
178941,10,4641163372145187588,diwan.hypotheses.org/membres-et-adhesion/annuaire-des-doctorants,73888,2017-01-01 01:14:55,93.0
178941,11,4641163372145187588,diwan.hypotheses.org/membres-et-adhesion,123161,2017-01-01 01:16:28,4.0
178941,12,4641163372145187588,diwan.hypotheses.org/membres-et-adhesion/annuaire-des-doctorants,73888,2017-01-01 01:16:32,565.0
178941,13,4641163372145187588,diwan.hypotheses.org/membres-et-adhesion/annuaire-des-doctorants,73888,2017-01-01 01:25:57,81.0
178941,14,4641163372145187588,diwan.hypotheses.org/membres-et-adhesion/annuaire-des-doctorants,73888,2017-01-01 01:27:18,213.0
178941,15,4641163372145187588,diwan.hypotheses.org/membres-et-adhesion/annuaire-des-doctorants,73888,2017-01-01 01:30:51,223.0
178941,16,4641163372145187588,diwan.hypotheses.org/membres-et-adhesion/annuaire-des-doctorants,73888,2017-01-01 01:34:34,23.0
178941,17,4641163372145187588,diwan.hypotheses.org/membres-et-adhesion/annuaire-des-doctorants,73888,2017-01-01 01:34:57,51.0
178941,18,4641163372145187588,diwan.hypotheses.org/membres-et-adhesion/annuaire-des-doctorants,73888,2017-01-01 01:35:48,249.0
178941,19,4641163372145187588,diwan.hypotheses.org/membres-et-adhesion/annuaire-des-doctorants,73888,2017-01-01 01:39:57,103.0
178941,20,4641163372145187588,diwan.hypotheses.org/membres-et-adhesion/annuaire-des-doctorants,73888,2017-01-01 01:41:40,27.0
178941,21,4641163372145187588,diwan.hypotheses.org/membres-et-adhesion/annuaire-des-doctorants,73888,2017-01-01 01:42:07,18.0
178941,22,4641163372145187588,diwan.hypotheses.org/membres-et-adhesion/annuaire-des-doctorants,73888,2017-01-01 01:42:25,12.0
178941,23,4641163372145187588,diwan.hypotheses.org/membres-et-adhesion/annuaire-des-doctorants,73888,2017-01-01 01:42:37,40.0
178941,24,4641163372145187588,diwan.hypotheses.org/membres-et-adhesion/annuaire-des-doctorants,73888,2017-01-01 01:43:17,30.0
178941,25,4641163372145187588,diwan.hypotheses.org/membres-et-adhesion/annuaire-des-doctorants,73888,2017-01-01 01:43:47,5.0
178941,26,4641163372145187588,diwan.hypotheses.org/membres-et-adhesion,123161,2017-01-01 01:43:52,2.0
178941,27,4641163372145187588,diwan.hypotheses.org/membres-et-adhesion/annuaire-des-docteurs-oct-2015,197356,2017-01-01 01:43:54,54.0
178941,28,4641163372145187588,diwan.hypotheses.org/membres-et-adhesion/annuaire-des-docteurs-oct-2015,197356,2017-01-01 01:44:48,26.0
178941,29,4641163372145187588,diwan.hypotheses.org/membres-et-adhesion/annuaire-des-docteurs-oct-2015,197356,2017-01-01 01:45:14,11.0
178941,30,4641163372145187588,diwan.hypotheses.org/membres-et-adhesion/annuaire-des-docteurs-oct-2015,197356,2017-01-01 01:45:25,10.0
178941,31,4641163372145187588,diwan.hypotheses.org/membres-et-adhesion/annuaire-des-docteurs-oct-2015,197356,2017-01-01 01:45:35,20.0
178941,32,4641163372145187588,diwan.hypotheses.org/membres-et-adhesion/annuaire-des-docteurs-oct-2015,197356,2017-01-01 01:45:55,24.0
178949,1,7069448705381022392,transatlantica.revues.org/7846,32689,2017-01-01 00:48:50,665.0
178952,1,3138711301629545735,leportique.revues.org/729,30994,2017-01-01 00:48:59,402.0
178954,1,3824599103432399750,calenda.org/205857,206984,2017-01-01 00:49:01,311.0
178969,1,13509799950894088208,poldev.revues.org/966,9024,2017-01-01 00:49:39,319.0
178969,2,13509799950894088208,poldev.revues.org/966,9024,2017-01-01 00:54:58,299.0
178969,3,13509799950894088208,anneemaghreb.revues.org/2595,5810,2017-01-01 00:59:57,665.0
178969,4,13509799950894088208,poldev.revues.org/966,9024,2017-01-01 01:11:02,25.0
178976,1,14024420627953178195,russeurope.hypotheses.org/5555,44301,2017-01-01 00:49:52,269.0
178976,2,14024420627953178195,russeurope.hypotheses.org/date/2012/12,214606,2017-01-01 00:54:21,4.0
178976,3,14024420627953178195,russeurope.hypotheses.org/5555,44301,2017-01-01 00:54:25,123.0
178976,4,14024420627953178195,russeurope.hypotheses.org/5557,42777,2017-01-01 00:56:28,233.0
178976,5,14024420627953178195,russeurope.hypotheses.org/date/2015/09,65112,2017-01-01 01:00:21,12.0
178976,6,14024420627953178195,russeurope.hypotheses.org/5557,42777,2017-01-01 01:00:33,637.0
178976,7,14024420627953178195,russeurope.hypotheses.org/5555,44301,2017-01-01 01:11:10,4.0
178976,8,14024420627953178195,russeurope.hypotheses.org/4247,214843,2017-01-01 01:11:14,99.0
178976,9,14024420627953178195,russeurope.hypotheses.org/date/2016/11,54429,2017-01-01 01:12:53,21.0
178976,10,14024420627953178195,russeurope.hypotheses.org/4247,214843,2017-01-01 01:13:14,10.0
178976,11,14024420627953178195,russeurope.hypotheses.org/date/2016/06,214870,2017-01-01 01:13:24,10.0
178979,1,5000245673121004843,sawerc.hypotheses.org,112570,2017-01-01 00:50:04,15.0
178979,2,5000245673121004843,sawerc.hypotheses.org/workshops,214545,2017-01-01 00:50:19,10.0
178979,3,5000245673121004843,sawerc.hypotheses.org/seminars,214549,2017-01-01 00:50:29,327.0
178979,4,5000245673121004843,sawerc.hypotheses.org,112570,2017-01-01 00:55:56,21.0
178981,1,14184408543069021288,books.openedition.org/cemca/3350,214539,2017-01-01 00:50:08,516.0
178981,2,14184408543069021288,books.openedition.org/cemca/3338,214667,2017-01-01 00:58:44,65.0
178981,3,14184408543069021288,books.openedition.org/cemca/3338,214667,2017-01-01 00:59:49,22.0
178981,4,14184408543069021288,books.openedition.org/cemca/2339,149932,2017-01-01 01:00:11,18.0
179e3,1,2745580882730536180,temoigner.revues.org/1212,776,2017-01-01 00:50:58,133.0
179004,1,5488394611709443682,economierurale.revues.org/55,214559,2017-01-01 00:51:08,37.0
179010,1,1225065502130549535,gss.revues.org/1849,79043,2017-01-01 00:51:21,16.0
179019,1,15506899036108991938,encyclopedieberbere.revues.org/344,112268,2017-01-01 00:51:48,178.0
179024,1,8134423716664297566,questionsdecommunication.revues.org/223,16942,2017-01-01 00:52:00,1116.0
179024,2,8134423716664297566,questionsdecommunication.revues.org/223,16942,2017-01-01 01:10:36,13.0
179025,1,4878676576507926398,eccs.revues.org/277,214572,2017-01-01 00:52:01,718.0
179025,2,4878676576507926398,eccs.revues.org/319,214733,2017-01-01 01:03:59,88.0
179025,3,4878676576507926398,eccs.revues.org/383,214755,2017-01-01 01:05:27,63.0
179025,4,4878676576507926398,eccs.revues.org/319,214733,2017-01-01 01:06:30,2.0
179027,1,100330918222871869,books.openedition.org/pur/4689,184720,2017-01-01 00:52:04,476.0
179034,1,14861754687344242677,romatevere.hypotheses.org/297,125129,2017-01-01 00:52:28,1723.0
179034,2,14861754687344242677,romatevere.hypotheses.org/297,125129,2017-01-01 01:21:11,29.0
179038,1,13111683249283602434,fcs.revues.org/1160,195525,2017-01-01 00:52:43,313.0
179043,1,14257209272600169023,narratologie.revues.org/6485,91951,2017-01-01 00:52:51,701.0
179047,1,1519076982473624378,rechercheformation.revues.org/446,12745,2017-01-01 00:53:10,276.0
179051,1,16972799875831735018,russeurope.hypotheses.org/5557,214589,2017-01-01 00:53:19,19.0
179051,2,16972799875831735018,russeurope.hypotheses.org,42063,2017-01-01 00:53:38,29.0
179054,1,5707747574701807169,anneemaghreb.revues.org/2571,152982,2017-01-01 00:53:26,254.0
179057,1,60836085100696889,edupass.hypotheses.org/1036,75318,2017-01-01 00:53:29,10.0
179066,1,5545659949910359785,cybergeo.revues.org/22529,187077,2017-01-01 00:54:02,4.0
179074,1,9845760791888181602,terrain.revues.org/3395,23452,2017-01-01 00:54:18,36.0
179077,1,17309698699303637545,communautarismes.hypotheses.org/466,214610,2017-01-01 00:54:23,211.0
179078,1,4904622460751887255,pmp.revues.org/1523,27917,2017-01-01 00:54:27,41.0
179078,2,4904622460751887255,pmp.revues.org/921,174521,2017-01-01 00:55:08,96.0
179084,1,17937486323608590087,cybergeo.revues.org/22707,31058,2017-01-01 00:54:49,88.0
179084,2,17937486323608590087,cybergeo.revues.org/37,55978,2017-01-01 00:56:17,9.0
179084,3,17937486323608590087,cybergeo.revues.org/27631,94232,2017-01-01 00:56:26,38.0
179084,4,17937486323608590087,cybergeo.revues.org/54,48408,2017-01-01 00:57:04,39.0
179084,5,17937486323608590087,cybergeo.revues.org/27631,94232,2017-01-01 00:57:43,2.0
179084,6,17937486323608590087,cybergeo.revues.org/37,55978,2017-01-01 00:57:45,639.0
179086,1,12560066414830439159,books.openedition.org/catalogue,112898,2017-01-01 00:54:59,12.0
179087,1,4954761547959117613,djinns.hypotheses.org/84,43951,2017-01-01 00:55:00,39.0
179087,2,4954761547959117613,djinns.hypotheses.org,45384,2017-01-01 00:55:39,14.0
179087,3,4954761547959117613,djinns.hypotheses.org/credits,214626,2017-01-01 00:55:53,13.0
179087,4,4954761547959117613,djinns.hypotheses.org/a-propos,214628,2017-01-01 00:56:06,93.0
179087,5,4954761547959117613,djinns.hypotheses.org/credits,214626,2017-01-01 00:57:39,15.0
179087,6,4954761547959117613,djinns.hypotheses.org,45384,2017-01-01 00:57:54,159.0
179089,1,4925712315610493078,books.openedition.org/pup/2266,214618,2017-01-01 00:55:04,52.0
179092,1,11837081933937087468,civilisations.revues.org/613,45915,2017-01-01 00:55:20,567.0
179092,2,11837081933937087468,civilisations.revues.org/613,45915,2017-01-01 01:04:47,913.0
179105,1,5196560627402525902,recipes.hypotheses.org/2534,71087,2017-01-01 00:56:14,198.0
179107,1,2996844481505751468,sawerc.hypotheses.org,112570,2017-01-01 00:56:22,163.0
179113,1,10894124582588916537,pontourbe.revues.org/277,22763,2017-01-01 00:56:44,77.0
179115,1,10378675528500030965,emotion.hypotheses.org/193,48313,2017-01-01 00:57:03,8.0
179115,2,10378675528500030965,emotion.hypotheses.org/193,48313,2017-01-01 00:57:11,7.0
179115,3,10378675528500030965,emotion.hypotheses.org,148310,2017-01-01 00:57:18,8.0
179122,1,14403686347051453913,books.openedition.org,112894,2017-01-01 00:57:31,194.0
179122,2,14403686347051453913,books.openedition.org/enseditions/747,214693,2017-01-01 01:00:45,54.0
179122,3,14403686347051453913,books.openedition.org/enseditions/756,214703,2017-01-01 01:01:39,22.0
179123,1,77786143987488964,indomemoires.hypotheses.org/category/textes-sources/traces-de-vie,154452,2017-01-01 00:57:34,4.0
179124,1,14110543039262878950,scoms.hypotheses.org/657,214636,2017-01-01 00:57:42,889.0
179126,1,6884064942351291421,books.openedition.org/catalogue,214639,2017-01-01 00:57:48,15.0
179126,2,6884064942351291421,books.openedition.org/pressesmines/1181,119246,2017-01-01 00:58:03,41.0
179126,3,6884064942351291421,books.openedition.org/pressesmines/1187,214661,2017-01-01 00:58:44,264.0
179126,4,6884064942351291421,books.openedition.org/pressesmines/1181,119246,2017-01-01 01:03:08,8.0
179128,1,12533915305356387149,cem.revues.org/13599,5888,2017-01-01 00:57:53,795.0
179128,2,12533915305356387149,cem.revues.org/807,214841,2017-01-01 01:11:08,76.0
179128,3,12533915305356387149,cem.revues.org/13404,26696,2017-01-01 01:12:24,995.0
179128,4,12533915305356387149,cem.revues.org/12785,154291,2017-01-01 01:28:59,653.0
179135,1,10507784977434986922,sociorel.hypotheses.org,64097,2017-01-01 00:58:13,175.0
179141,1,15722829103699303952,sawerc.hypotheses.org/3451,214663,2017-01-01 00:58:44,189.0
179144,1,15210975709165237064,terrain.revues.org/15187,56524,2017-01-01 00:58:57,85.0
179147,1,6694800298018744970,remmm.revues.org/3861,67999,2017-01-01 00:59:03,4.0
179154,1,2346419304784623713,assr.revues.org/24140,214674,2017-01-01 00:59:39,54.0
179169,1,849768327210543239,surunsonrap.hypotheses.org/1378,181644,2017-01-01 01:00:02,52.0
179169,2,849768327210543239,surunsonrap.hypotheses.org/1378,181644,2017-01-01 01:00:54,9.0
179169,3,849768327210543239,surunsonrap.hypotheses.org/1378,181644,2017-01-01 01:01:03,118.0
179174,1,4262773996502255368,books.openedition.org/iheid/4344,211130,2017-01-01 01:00:13,43.0
179174,2,4262773996502255368,books.openedition.org/iheid/4344,211130,2017-01-01 01:00:56,13.0
179175,1,3836994696477181911,crcv.revues.org/12083,23974,2017-01-01 01:00:17,205.0
179175,2,3836994696477181911,crcv.revues.org/12359,152519,2017-01-01 01:03:42,319.0
179175,3,3836994696477181911,crcv.revues.org/12083,23974,2017-01-01 01:09:01,1.0
179175,4,3836994696477181911,crcv.revues.org/12083,23974,2017-01-01 01:09:02,260.0
179175,5,3836994696477181911,crcv.revues.org/12083,23974,2017-01-01 01:13:22,89.0
179175,6,3836994696477181911,crcv.revues.org/12078,102544,2017-01-01 01:14:51,0.0
179176,1,5486552850165662806,parisconsortium.hypotheses.org/257,63671,2017-01-01 01:00:18,29.0
179176,2,5486552850165662806,parisconsortium.hypotheses.org/257,63671,2017-01-01 01:00:47,34.0
179194,1,14641743838828272324,beo.revues.org/1038,38324,2017-01-01 01:01:18,88.0
179210,1,5691830913306608799,etudescaribeennes.revues.org/9006,214709,2017-01-01 01:02:16,40.0
179212,1,3287132592666615973,developpementdurable.revues.org/1475,1880,2017-01-01 01:02:21,43.0
179213,1,15405132857520092686,edso.revues.org/1663,30445,2017-01-01 01:02:22,65.0
179215,1,10056818034921239186,politbistro.hypotheses.org/3885,213280,2017-01-01 01:02:26,409.0
179217,1,15893880988396340437,nuevomundo.revues.org/451,214716,2017-01-01 01:02:33,1330.0
179222,1,13044264801425174177,histoiremesure.revues.org/3942,34864,2017-01-01 01:02:42,3.0
179237,1,10240883650283360824,books.openedition.org,112894,2017-01-01 01:03:46,25.0
179238,1,3256423762300495614,centrici.hypotheses.org/1000,214730,2017-01-01 01:03:48,17.0
179243,1,4873326572278625663,champpenal.revues.org/7827,8972,2017-01-01 01:04:17,20.0
179256,1,5332098605429541373,adlfi.revues.org/11940,214745,2017-01-01 01:04:56,31.0
179256,2,5332098605429541373,adlfi.revues.org/11860,214753,2017-01-01 01:05:27,6.0
179287,1,12604560348912223716,bmsap.revues.org/586,123590,2017-01-01 01:06:34,307.0
179293,1,189070679503261804,vertigo.revues.org/4210,22894,2017-01-01 01:06:56,718.0
179293,2,189070679503261804,vertigo.revues.org/4210,22894,2017-01-01 01:18:54,76.0
179309,1,16166010224991789936,ries.revues.org/612,4983,2017-01-01 01:07:44,1188.0
179311,1,463630287996097167,rh19.revues.org/4366,214779,2017-01-01 01:07:48,591.0
179320,1,7851044226544373335,1895.revues.org/218,4415,2017-01-01 01:08:08,809.0
179321,1,7355480381708441362,criminocorpus.hypotheses.org/6916,214790,2017-01-01 01:08:11,132.0
179321,2,7355480381708441362,criminocorpus.hypotheses.org/6916,214790,2017-01-01 01:10:23,25.0
179321,3,7355480381708441362,criminocorpus.hypotheses.org/tag/rene-girier,214828,2017-01-01 01:10:48,5.0
179321,4,7355480381708441362,criminocorpus.hypotheses.org/tag/rene-girier,214828,2017-01-01 01:10:53,10.0
179324,1,13122626068517223519,amerika.revues.org/7401,25421,2017-01-01 01:08:23,1520.0
179326,1,4958224847830254248,afhe.hypotheses.org/6586,214794,2017-01-01 01:08:27,135.0
179335,1,6596405112021897914,tourisme.revues.org/575,214801,2017-01-01 01:08:56,24.0
179336,1,15448953735572267502,lectures.revues.org/13745,40048,2017-01-01 01:08:57,23.0
179337,1,14580459894500612808,penseedudiscours.hypotheses.org/7253,48668,2017-01-01 01:09:04,59.0
179352,1,14076855134977176706,aeiste.hypotheses.org/20,179117,2017-01-01 01:10:01,426.0
179356,1,3238006435857548153,books.openedition.org/irdeditions/2121,214818,2017-01-01 01:10:14,748.0
179356,2,3238006435857548153,books.openedition.org/irdeditions/2106,214989,2017-01-01 01:22:42,90.0
179358,1,3645781118796164296,decadrages.revues.org/319,214820,2017-01-01 01:10:22,19.0
179362,1,12812139040650726395,physio-geo.revues.org/1100,42417,2017-01-01 01:10:31,1387.0
179367,1,16505910856785056406,ateliercst.hypotheses.org/729,214826,2017-01-01 01:10:48,32.0
179369,1,9137867823886953528,revues.org,576,2017-01-01 01:10:52,200.0
179369,2,9137867823886953528,revues.org,576,2017-01-01 01:14:12,5.0
179369,3,9137867823886953528,revues.org,576,2017-01-01 01:14:17,8.0
179369,4,9137867823886953528,revues.org,576,2017-01-01 01:14:25,321.0
179376,1,16057456480177955223,surunsonrap.hypotheses.org,87159,2017-01-01 01:11:13,40.0
179385,1,5259681413125640080,lrf.revues.org/274,204296,2017-01-01 01:11:55,98.0
179391,1,14279646878893324036,factsreports.revues.org/264,125353,2017-01-01 01:12:05,36.0
179398,1,13515719538403680981,archeorient.hypotheses.org/91,204948,2017-01-01 01:12:22,10.0
179413,1,11137162941336094526,mefra.revues.org/198,32708,2017-01-01 01:13:14,17.0
179413,2,11137162941336094526,mefra.revues.org/198,32708,2017-01-01 01:13:31,8.0
179413,3,11137162941336094526,mefra.revues.org/198,32708,2017-01-01 01:13:39,232.0
179413,4,11137162941336094526,nda.revues.org/1430,141376,2017-01-01 01:17:31,3.0
179413,5,11137162941336094526,nda.revues.org/1430,141376,2017-01-01 01:17:34,8.0
179413,6,11137162941336094526,nda.revues.org/1430,141376,2017-01-01 01:17:42,233.0
179413,7,11137162941336094526,encyclopedieberbere.revues.org/2476,214970,2017-01-01 01:21:35,11.0
179413,8,11137162941336094526,encyclopedieberbere.revues.org/2476,214970,2017-01-01 01:21:46,10.0
179416,1,2552068901813537184,terrabrasilis.revues.org,28265,2017-01-01 01:13:27,8.0
179422,1,3099666816968576177,criminocorpus.revues.org/1906,214876,2017-01-01 01:13:36,245.0
179422,2,3099666816968576177,criminocorpus.revues.org/1774,214914,2017-01-01 01:17:41,13.0
179422,3,3099666816968576177,criminocorpus.revues.org/1776,214923,2017-01-01 01:17:54,12.0
179428,1,13457178313666180472,dejavu.hypotheses.org/1225,54673,2017-01-01 01:14:02,20.0
179429,1,14950119053177880507,encyclopedieberbere.revues.org/2316,46526,2017-01-01 01:14:04,500.0
179429,2,14950119053177880507,encyclopedieberbere.revues.org/2316,46526,2017-01-01 01:22:24,1052.0
179430,1,4069651160386097764,micasmp.hypotheses.org,93527,2017-01-01 01:14:04,10.0
179435,1,13460821897705276143,etudescaribeennes.revues.org/3494,8945,2017-01-01 01:14:25,16.0
179435,2,13460821897705276143,etudescaribeennes.revues.org/3494,8945,2017-01-01 01:14:41,1.0
179438,1,15941197312328150548,arip.hypotheses.org/742,184401,2017-01-01 01:14:34,17.0
179438,2,15941197312328150548,arip.hypotheses.org/742,184401,2017-01-01 01:14:51,80.0
179438,3,15941197312328150548,arip.hypotheses.org/742,184401,2017-01-01 01:16:11,178.0
179443,1,18424766402405336598,edupass.hypotheses.org/734,181464,2017-01-01 01:14:55,54.0
179451,1,12962874627818770338,genesis.revues.org/1237,214893,2017-01-01 01:15:17,1.0
179451,2,12962874627818770338,genesis.revues.org/1237,214893,2017-01-01 01:15:18,46.0
179451,3,12962874627818770338,genesis.revues.org/1237,214893,2017-01-01 01:16:04,1.0
179455,1,14398033539934078122,caravelle.revues.org/558,198627,2017-01-01 01:15:32,617.0
179455,2,14398033539934078122,caravelle.revues.org/558,198627,2017-01-01 01:25:49,1005.0
179455,3,14398033539934078122,caravelle.revues.org/574,215221,2017-01-01 01:42:34,11.0
179455,4,14398033539934078122,caravelle.revues.org/558,198627,2017-01-01 01:42:45,27.0
179455,5,14398033539934078122,caravelle.revues.org/574,215221,2017-01-01 01:43:12,3.0
179458,1,141980971367624023,russeurope.hypotheses.org,42063,2017-01-01 01:15:46,25.0
179463,1,17370102919631143615,ahrf.revues.org,44299,2017-01-01 01:16:22,117.0
179463,2,17370102919631143615,ahrf.revues.org,44299,2017-01-01 01:18:19,68.0
179463,3,17370102919631143615,ahrf.revues.org,44299,2017-01-01 01:19:27,47.0
179463,4,17370102919631143615,ahrf.revues.org/13550,214953,2017-01-01 01:20:14,1197.0
179463,5,17370102919631143615,etudesafricaines.revues.org,10387,2017-01-01 01:40:11,79.0
179463,6,17370102919631143615,etudesafricaines.revues.org/14862,95567,2017-01-01 01:41:30,111.0
179463,7,17370102919631143615,etudesafricaines.revues.org,10387,2017-01-01 01:43:21,1100.0
179468,1,17459792131993453835,emam.revues.org/203,110060,2017-01-01 01:16:29,2.0
179468,2,17459792131993453835,emam.revues.org/203,110060,2017-01-01 01:16:31,56.0
179468,3,17459792131993453835,emam.revues.org/203,110060,2017-01-01 01:17:27,179.0
179470,1,5729125493944724428,tombett33.hypotheses.org,46084,2017-01-01 01:16:38,22.0
179470,2,5729125493944724428,tombett33.hypotheses.org/plans-tt-33,52114,2017-01-01 01:17:00,44.0
179470,3,5729125493944724428,tombett33.hypotheses.org/a-propos,52056,2017-01-01 01:17:44,76.0
179472,1,14625482098336090272,surunsonrap.hypotheses.org/2044,44677,2017-01-01 01:16:44,148.0
179473,1,5523027252358025980,echogeo.revues.org/12001,32110,2017-01-01 01:16:54,33.0
179480,1,2536327495257870449,mandenkan.revues.org/680,214907,2017-01-01 01:17:12,8.0
179480,2,2536327495257870449,mandenkan.revues.org/706,146161,2017-01-01 01:17:20,5.0
179480,3,2536327495257870449,mandenkan.revues.org/680,214907,2017-01-01 01:17:25,28.0
179482,1,14090214809017681786,rh19.revues.org/322,214909,2017-01-01 01:17:22,35.0
179482,2,14090214809017681786,rh19.revues.org/486,181142,2017-01-01 01:17:57,1404.0
179482,3,14090214809017681786,decadrages.revues.org/256,215201,2017-01-01 01:41:21,452.0
179482,4,14090214809017681786,decadrages.revues.org/731,215288,2017-01-01 01:48:53,56.0
179496,1,16940971288981833616,ser.hypotheses.org,89161,2017-01-01 01:18:19,752.0
179496,2,16940971288981833616,doct19serd.hypotheses.org/author/renriquez,215071,2017-01-01 01:30:51,65.0
179511,1,1608421011432901585,jsa.revues.org,6194,2017-01-01 01:19:02,298.0
179513,1,8554095138507973429,kernos.revues.org/2283,214939,2017-01-01 01:19:26,11.0
179527,1,9030724900036716746,communication.revues.org/4148,214949,2017-01-01 01:19:57,9.0
179527,2,9030724900036716746,communication.revues.org,5382,2017-01-01 01:20:06,52.0
179527,3,9030724900036716746,communication.revues.org/6614,214962,2017-01-01 01:20:58,128.0
179527,4,9030724900036716746,communication.revues.org,5382,2017-01-01 01:23:06,10.0
179527,5,9030724900036716746,communication.revues.org/6606,34127,2017-01-01 01:23:16,15.0
179527,6,9030724900036716746,communication.revues.org/4148,214949,2017-01-01 01:23:31,71.0
179527,7,9030724900036716746,communication.revues.org/4148,1895,2017-01-01 01:24:42,41.0
179527,8,9030724900036716746,communication.revues.org/3936,215001,2017-01-01 01:25:23,59.0
179527,9,9030724900036716746,communication.revues.org/3936,215001,2017-01-01 01:26:22,216.0
179527,10,9030724900036716746,communication.revues.org/index.html,215061,2017-01-01 01:29:58,22.0
179527,11,9030724900036716746,communication.revues.org/3936,215001,2017-01-01 01:30:20,18.0
179527,12,9030724900036716746,communication.revues.org/4009,94531,2017-01-01 01:30:38,3.0
179533,1,11757043840557349595,span.revues.org/1337,28452,2017-01-01 01:20:21,920.0
179533,2,11757043840557349595,span.revues.org/1344,728,2017-01-01 01:35:41,406.0
179540,1,5554300638813814644,biblioweb.hypotheses.org/13567,152912,2017-01-01 01:21:01,23.0
179546,1,4125392879474168737,crm.revues.org/2698,35651,2017-01-01 01:21:15,1.0
179546,2,4125392879474168737,crm.revues.org/2698,35651,2017-01-01 01:21:16,1305.0
179553,1,15632560912688020919,eduveille.hypotheses.org/245,55490,2017-01-01 01:21:43,354.0
179557,1,7862897246400411465,aad.revues.org/493,97476,2017-01-01 01:21:51,60.0
179565,1,15573700463743552764,socio-anthropologie.revues.org/72,34141,2017-01-01 01:22:16,47.0
179565,2,15573700463743552764,lectures.revues.org/726,10869,2017-01-01 01:23:03,8.0
179565,3,15573700463743552764,lectures.revues.org/726,10869,2017-01-01 01:23:11,1383.0
179565,4,15573700463743552764,lectures.revues.org/520,4313,2017-01-01 01:46:14,7.0
179565,5,15573700463743552764,lectures.revues.org/119,15030,2017-01-01 01:46:21,21.0
179565,6,15573700463743552764,lectures.revues.org/105,2808,2017-01-01 01:46:42,19.0
179565,7,15573700463743552764,lectures.revues.org/118,2499,2017-01-01 01:47:01,6.0
179565,8,15573700463743552764,lectures.revues.org/2523,176588,2017-01-01 01:47:07,768.0
179575,1,5515835071579799268,encyclopedieberbere.revues.org/1416,93880,2017-01-01 01:22:43,74.0
179581,1,13144194793252875524,espacepolitique.revues.org/1296,4286,2017-01-01 01:23:11,61.0
179589,1,3587930820586881514,aad.revues.org/1226,199661,2017-01-01 01:23:57,1.0
179589,2,3587930820586881514,aad.revues.org/193,39825,2017-01-01 01:23:58,1.0
179600,1,9605645236046931654,traces.revues.org/238,214998,2017-01-01 01:24:44,136.0
179604,1,10818927560743378710,ecarnide.hypotheses.org,124630,2017-01-01 01:25:01,741.0
179604,2,10818927560743378710,ecarnide.hypotheses.org,124630,2017-01-01 01:37:22,8.0
179604,3,10818927560743378710,ecarnide.hypotheses.org/mapa,202974,2017-01-01 01:37:30,4.0
179604,4,10818927560743378710,ecarnide.hypotheses.org,124630,2017-01-01 01:37:34,10.0
179604,5,10818927560743378710,ecarnide.hypotheses.org,124630,2017-01-01 01:37:44,3.0
179604,6,10818927560743378710,ecarnide.hypotheses.org/mapa,202974,2017-01-01 01:37:47,11.0
179604,7,10818927560743378710,ecarnide.hypotheses.org,124630,2017-01-01 01:37:58,787.0
179604,8,10818927560743378710,ecarnide.hypotheses.org,124630,2017-01-01 01:51:05,12.0
179604,9,10818927560743378710,ecarnide.hypotheses.org,124630,2017-01-01 01:51:17,12.0
179604,10,10818927560743378710,ecarnide.hypotheses.org/mapa,202974,2017-01-01 01:51:29,1.0
179604,11,10818927560743378710,ecarnide.hypotheses.org,124630,2017-01-01 01:51:30,98.0
179604,12,10818927560743378710,ecarnide.hypotheses.org,124630,2017-01-01 01:53:08,4.0
179604,13,10818927560743378710,ecarnide.hypotheses.org/mapa,202974,2017-01-01 01:53:12,2.0
179604,14,10818927560743378710,ecarnide.hypotheses.org,124630,2017-01-01 01:53:14,9.0
179604,15,10818927560743378710,ecarnide.hypotheses.org,124630,2017-01-01 01:53:23,2.0
179604,16,10818927560743378710,ecarnide.hypotheses.org/mapa,202974,2017-01-01 01:53:25,1.0
179604,17,10818927560743378710,ecarnide.hypotheses.org,124630,2017-01-01 01:53:26,31.0
179604,18,10818927560743378710,ecarnide.hypotheses.org,124630,2017-01-01 01:53:57,8.0
179604,19,10818927560743378710,ecarnide.hypotheses.org/mapa,202974,2017-01-01 01:54:05,2.0
179604,20,10818927560743378710,ecarnide.hypotheses.org,124630,2017-01-01 01:54:07,11.0
179604,21,10818927560743378710,ecarnide.hypotheses.org,124630,2017-01-01 01:54:18,3.0
179604,22,10818927560743378710,ecarnide.hypotheses.org/mapa,202974,2017-01-01 01:54:21,4.0
179604,23,10818927560743378710,ecarnide.hypotheses.org,124630,2017-01-01 01:54:25,64.0
179604,24,10818927560743378710,ecarnide.hypotheses.org,124630,2017-01-01 01:55:29,1.0
179604,25,10818927560743378710,ecarnide.hypotheses.org,124630,2017-01-01 01:55:30,2.0
179604,26,10818927560743378710,ecarnide.hypotheses.org/mapa,202974,2017-01-01 01:55:32,3.0
179604,27,10818927560743378710,ecarnide.hypotheses.org,124630,2017-01-01 01:55:35,76.0
179604,28,10818927560743378710,ecarnide.hypotheses.org,124630,2017-01-01 01:56:51,18.0
179604,29,10818927560743378710,ecarnide.hypotheses.org/mapa,202974,2017-01-01 01:57:09,5.0
179604,30,10818927560743378710,ecarnide.hypotheses.org,124630,2017-01-01 01:57:14,9.0
179604,31,10818927560743378710,ecarnide.hypotheses.org,124630,2017-01-01 01:57:23,388.0
179604,32,10818927560743378710,ecarnide.hypotheses.org,124630,2017-01-01 02:03:51,3.0
179604,33,10818927560743378710,ecarnide.hypotheses.org/mapa,202974,2017-01-01 02:03:54,322.0
179604,34,10818927560743378710,ecarnide.hypotheses.org,124630,2017-01-01 02:09:16,3.0
179604,35,10818927560743378710,ecarnide.hypotheses.org/mapa,202974,2017-01-01 02:09:19,122.0
179604,36,10818927560743378710,ecarnide.hypotheses.org,124630,2017-01-01 02:11:21,7.0
179604,37,10818927560743378710,ecarnide.hypotheses.org/mapa,202974,2017-01-01 02:11:28,278.0
179604,38,10818927560743378710,ecarnide.hypotheses.org,124630,2017-01-01 02:16:06,3.0
179604,39,10818927560743378710,ecarnide.hypotheses.org/mapa,202974,2017-01-01 02:16:09,1238.0
179604,40,10818927560743378710,ecarnide.hypotheses.org,124630,2017-01-01 02:36:47,21.0
179604,41,10818927560743378710,ecarnide.hypotheses.org/mapa,202974,2017-01-01 02:37:08,100.0
179604,42,10818927560743378710,ecarnide.hypotheses.org,124630,2017-01-01 02:38:48,14.0
179604,43,10818927560743378710,ecarnide.hypotheses.org/sobre-o-blog,151285,2017-01-01 02:39:02,3.0
179604,44,10818927560743378710,ecarnide.hypotheses.org/mapa,202974,2017-01-01 02:39:05,1435.0
179604,45,10818927560743378710,ecarnide.hypotheses.org,124630,2017-01-01 03:03:00,17.0
179604,46,10818927560743378710,ecarnide.hypotheses.org/mapa,202974,2017-01-01 03:03:17,685.0
179604,47,10818927560743378710,ecarnide.hypotheses.org,124630,2017-01-01 03:14:42,13.0
179604,48,10818927560743378710,ecarnide.hypotheses.org/mapa,202974,2017-01-01 03:14:55,625.0
179604,49,10818927560743378710,ecarnide.hypotheses.org,124630,2017-01-01 03:25:20,121.0
179604,50,10818927560743378710,ecarnide.hypotheses.org,124630,2017-01-01 03:27:21,193.0
179605,1,15568767198694536300,russeurope.hypotheses.org/5557,42777,2017-01-01 01:25:03,947.0
179610,1,12933762284768241232,ashp.revues.org/1435,214999,2017-01-01 01:25:20,1049.0
179611,1,2189794220539742857,trace.revues.org/480,36848,2017-01-01 01:25:24,352.0
179615,1,14385146052555344799,nuevomundo.revues.org/66106,13290,2017-01-01 01:25:36,12.0
179616,1,15170250622642995392,rccs.revues.org/356,197621,2017-01-01 01:25:45,631.0
179617,1,2672452255538396619,ecrirehist.hypotheses.org/190,77878,2017-01-01 01:26:00,38.0
179617,2,2672452255538396619,ecrirehist.hypotheses.org/tag/revolution-francaise,215008,2017-01-01 01:26:38,14.0
179620,1,9669569594981866003,iconoconte.hypotheses.org/770,54028,2017-01-01 01:26:20,68.0
179620,2,9669569594981866003,iconoconte.hypotheses.org/770,54028,2017-01-01 01:27:28,1289.0
179630,1,6719082484294398267,insaniyat.revues.org/6615,40668,2017-01-01 01:26:50,748.0
179630,2,6719082484294398267,insaniyat.revues.org/6615,40668,2017-01-01 01:39:18,666.0
179639,1,4669978953885302533,remmm.revues.org/6421,214167,2017-01-01 01:27:21,186.0
179639,2,4669978953885302533,remmm.revues.org/index.html,21699,2017-01-01 01:30:27,118.0
179639,3,4669978953885302533,remmm.revues.org/6421,214167,2017-01-01 01:32:25,5.0
179639,4,4669978953885302533,remmm.revues.org/index.html,21699,2017-01-01 01:32:30,34.0
179639,5,4669978953885302533,remmm.revues.org/8987,35454,2017-01-01 01:33:04,366.0
179639,6,4669978953885302533,remmm.revues.org/9410,81125,2017-01-01 01:39:10,226.0
179639,7,4669978953885302533,remmm.revues.org/9410,81125,2017-01-01 01:42:56,144.0
179639,8,4669978953885302533,remmm.revues.org/8987,35454,2017-01-01 01:45:20,28.0
179639,9,4669978953885302533,remmm.revues.org/1245,83281,2017-01-01 01:45:48,40.0
179639,10,4669978953885302533,remmm.revues.org/8989,93627,2017-01-01 01:46:28,1068.0
179639,11,4669978953885302533,revues.org,576,2017-01-01 02:04:16,587.0
179643,1,11556819802760275685,cata.hypotheses.org/1163,118318,2017-01-01 01:27:29,16.0
179648,1,7864938700098371719,ashp.revues.org/290,215026,2017-01-01 01:27:39,27.0
179648,2,7864938700098371719,ashp.revues.org/816,215039,2017-01-01 01:28:06,120.0
179654,1,5123166395329373497,russeurope.hypotheses.org,42063,2017-01-01 01:27:55,13.0
179657,1,16265348616520642095,bifea.revues.org/6907,215030,2017-01-01 01:27:59,27.0
179667,1,7796755203673307449,questionsvives.revues.org/1273,215042,2017-01-01 01:28:14,1488.0
179698,1,17665709667674731559,textyles.revues.org/409,2689,2017-01-01 01:30:32,1662.0
179699,1,16924399035920800686,mine.hypotheses.org/123,215066,2017-01-01 01:30:36,502.0
179704,1,16441765928484954941,babel.revues.org/3126,8521,2017-01-01 01:30:49,532.0
179712,1,15731059453395892945,factsreports.revues.org/424,215074,2017-01-01 01:31:47,5.0
179722,1,8803247179337059531,lhomme.revues.org/14132,39965,2017-01-01 01:32:18,438.0
179722,2,8803247179337059531,lhomme.revues.org/14112,94439,2017-01-01 01:39:36,38.0
179730,1,13011121339820559721,clio.revues.org,44102,2017-01-01 01:32:32,14.0
179735,1,1099674435366964614,calenda.org/381231,206473,2017-01-01 01:33:01,0.0
179735,2,1099674435366964614,calenda.org/383810,204218,2017-01-01 01:33:01,2.0
179739,1,4382817628878545493,cerri.revues.org/1414,215090,2017-01-01 01:33:07,81.0
179751,1,3540472590593231260,linteati.hypotheses.org/45,215096,2017-01-01 01:34:04,182.0
179757,1,7130975672802843593,erea.revues.org/442,179731,2017-01-01 01:34:35,68.0
179763,1,773039865936118531,books.openedition.org/cjb/483,116067,2017-01-01 01:34:42,80.0
179766,1,3599453728632793356,asp.revues.org/2224,22044,2017-01-01 01:34:52,3.0
179770,1,7847037321643906603,sms.hypotheses.org/5195,62584,2017-01-01 01:35:14,1455.0
179778,1,5213797767155906903,lhomme.revues.org/4265,215121,2017-01-01 01:35:50,168.0
179787,1,15675278499013630121,praxematique.revues.org/2767,215127,2017-01-01 01:36:15,11.0
179787,2,15675278499013630121,praxematique.revues.org/4236,19819,2017-01-01 01:36:26,6.0
179787,3,15675278499013630121,praxematique.revues.org/4133,21158,2017-01-01 01:36:32,8.0
179787,4,15675278499013630121,praxematique.revues.org/3796,59082,2017-01-01 01:36:40,11.0
179787,5,15675278499013630121,praxematique.revues.org/2326,59072,2017-01-01 01:36:51,37.0
179787,6,15675278499013630121,praxematique.revues.org/1898,58960,2017-01-01 01:37:28,10.0
179787,7,15675278499013630121,praxematique.revues.org/3901,59059,2017-01-01 01:37:38,27.0
179787,8,15675278499013630121,praxematique.revues.org/3830,59010,2017-01-01 01:38:05,15.0
179787,9,15675278499013630121,praxematique.revues.org/3334,58842,2017-01-01 01:38:20,23.0
179787,10,15675278499013630121,praxematique.revues.org/3268,215146,2017-01-01 01:38:43,8.0
179787,11,15675278499013630121,praxematique.revues.org/1745,59116,2017-01-01 01:38:51,41.0
179787,12,15675278499013630121,praxematique.revues.org/1562,59130,2017-01-01 01:39:32,17.0
179787,13,15675278499013630121,praxematique.revues.org/1745,59116,2017-01-01 01:39:49,7.0
179787,14,15675278499013630121,praxematique.revues.org/1562,59130,2017-01-01 01:39:56,8.0
179787,15,15675278499013630121,praxematique.revues.org/1102,59145,2017-01-01 01:40:04,23.0
179787,16,15675278499013630121,praxematique.revues.org/1080,140973,2017-01-01 01:40:27,33.0
179787,17,15675278499013630121,praxematique.revues.org/1290,59171,2017-01-01 01:41:00,63.0
179787,18,15675278499013630121,praxematique.revues.org/1057,59198,2017-01-01 01:42:03,20.0
179787,19,15675278499013630121,praxematique.revues.org/593,170999,2017-01-01 01:42:23,19.0
179787,20,15675278499013630121,praxematique.revues.org/1057,59198,2017-01-01 01:42:42,4.0
179787,21,15675278499013630121,praxematique.revues.org/593,170999,2017-01-01 01:42:46,11.0
179787,22,15675278499013630121,praxematique.revues.org/592,59212,2017-01-01 01:42:57,9.0
179787,23,15675278499013630121,praxematique.revues.org/591,215226,2017-01-01 01:43:06,19.0
179787,24,15675278499013630121,praxematique.revues.org/515,215231,2017-01-01 01:43:25,16.0
179787,25,15675278499013630121,praxematique.revues.org/584,59482,2017-01-01 01:43:41,16.0
179787,26,15675278499013630121,praxematique.revues.org/63,215235,2017-01-01 01:43:57,19.0
179787,27,15675278499013630121,praxematique.revues.org/462,83410,2017-01-01 01:44:16,8.0
179787,28,15675278499013630121,praxematique.revues.org/461,59218,2017-01-01 01:44:24,12.0
179787,29,15675278499013630121,praxematique.revues.org/458,215244,2017-01-01 01:44:36,13.0
179787,30,15675278499013630121,praxematique.revues.org/456,59233,2017-01-01 01:44:49,14.0
179787,31,15675278499013630121,praxematique.revues.org/454,179364,2017-01-01 01:45:03,8.0
179787,32,15675278499013630121,praxematique.revues.org/452,58758,2017-01-01 01:45:11,15.0
179787,33,15675278499013630121,praxematique.revues.org/450,58905,2017-01-01 01:45:26,14.0
179787,34,15675278499013630121,praxematique.revues.org/194,215255,2017-01-01 01:45:40,14.0
179787,35,15675278499013630121,praxematique.revues.org/284,215258,2017-01-01 01:45:54,12.0
179787,36,15675278499013630121,praxematique.revues.org/1053,58887,2017-01-01 01:46:06,15.0
179787,37,15675278499013630121,praxematique.revues.org/386,108632,2017-01-01 01:46:21,7.0
179787,38,15675278499013630121,praxematique.revues.org/1965,59250,2017-01-01 01:46:28,42.0
179787,39,15675278499013630121,praxematique.revues.org/486,215272,2017-01-01 01:47:10,6.0
179787,40,15675278499013630121,praxematique.revues.org/1222,186093,2017-01-01 01:47:16,26.0
179787,41,15675278499013630121,praxematique.revues.org/2747,215276,2017-01-01 01:47:42,26.0
179787,42,15675278499013630121,praxematique.revues.org/3040,59260,2017-01-01 01:48:08,13.0
179787,43,15675278499013630121,praxematique.revues.org/2989,59397,2017-01-01 01:48:21,12.0
179787,44,15675278499013630121,praxematique.revues.org/2968,215284,2017-01-01 01:48:33,12.0
179787,45,15675278499013630121,praxematique.revues.org/3076,59342,2017-01-01 01:48:45,8.0
179787,46,15675278499013630121,praxematique.revues.org/3012,122802,2017-01-01 01:48:53,9.0
179787,47,15675278499013630121,praxematique.revues.org/65,215290,2017-01-01 01:49:02,17.0
179787,48,15675278499013630121,praxematique.revues.org/1887,122773,2017-01-01 01:49:19,7.0
179787,49,15675278499013630121,praxematique.revues.org/161,58856,2017-01-01 01:49:26,7.0
179787,50,15675278499013630121,praxematique.revues.org/3100,59270,2017-01-01 01:49:33,7.0
179787,51,15675278499013630121,praxematique.revues.org/3120,215300,2017-01-01 01:49:40,23.0
179787,52,15675278499013630121,praxematique.revues.org/3143,215305,2017-01-01 01:50:03,8.0
179787,53,15675278499013630121,praxematique.revues.org/3154,59415,2017-01-01 01:50:11,9.0
179789,1,1721076874438399552,russeurope.hypotheses.org,42063,2017-01-01 01:36:20,26.0
179790,1,5593927085400582421,books.openedition.org/ifpo/5164,215129,2017-01-01 01:36:23,55.0
179791,1,1356405995519075983,books.openedition.org.ezproxy.upf.pf/sdo/685,215131,2017-01-01 01:36:25,143.0
179791,2,1356405995519075983,books.openedition.org.ezproxy.upf.pf/sdo/686,215150,2017-01-01 01:38:48,45.0
179791,3,1356405995519075983,books.openedition.org.ezproxy.upf.pf/sdo/688,215161,2017-01-01 01:39:33,26.0
179791,4,1356405995519075983,books.openedition.org.ezproxy.upf.pf/sdo/690,215171,2017-01-01 01:39:59,26.0
179792,1,13448597582130341208,jda.revues.org/3278,85445,2017-01-01 01:36:25,5.0
179796,1,10763020075900208714,perspective.revues.org/5829,215133,2017-01-01 01:36:36,11.0
179801,1,17176146231819788929,ejas.revues.org/10695,25596,2017-01-01 01:36:50,204.0
179801,2,17176146231819788929,ejas.revues.org/10695,25596,2017-01-01 01:40:14,1614.0
179806,1,4812289216015114657,insaniyat.revues.org/7908,5041,2017-01-01 01:37:09,425.0
179822,1,2579369251843542356,russeurope.hypotheses.org,42063,2017-01-01 01:38:34,64.0
179828,1,6089639331597338377,books.openedition.org/pur/18479,215148,2017-01-01 01:38:46,480.0
179839,1,12014697538076269781,ideas.revues.org/85,215159,2017-01-01 01:39:25,170.0
179842,1,7402569304173995035,volume.revues.org/4601,112955,2017-01-01 01:39:40,57.0
179850,1,9024288070893139987,fr.hypotheses.org,68143,2017-01-01 01:40:21,10.0
179863,1,5683977765605830329,sabix.revues.org/1178,215191,2017-01-01 01:40:56,20.0
179877,1,10999517674541017582,rei.revues.org/1063,31056,2017-01-01 01:41:45,75.0
179877,2,10999517674541017582,rei.revues.org/1063,31056,2017-01-01 01:43:00,1.0
179877,3,10999517674541017582,rei.revues.org/1063,31056,2017-01-01 01:43:01,3.0
179895,1,18233367383005252995,tc.revues.org/5002,24198,2017-01-01 01:42:38,272.0
179895,2,18233367383005252995,tc.revues.org/7545,19422,2017-01-01 01:47:10,111.0
179898,1,9533602383824536467,cpa.hypotheses.org/category/architecture,215223,2017-01-01 01:42:58,3.0
179898,2,9533602383824536467,cpa.hypotheses.org/category/architecture,215223,2017-01-01 01:43:01,30.0
179902,1,12270705460212878996,books.openedition.org/ifpo/6570,215229,2017-01-01 01:43:20,671.0
179902,2,12270705460212878996,books.openedition.org/ifpo/6572,215353,2017-01-01 01:54:31,541.0
179905,1,8025260524528186656,books.openedition.org/ifpo/3240,112808,2017-01-01 01:43:47,902.0
179907,1,10004446322796633877,contextes.revues.org/4667,92773,2017-01-01 01:43:49,815.0
179910,1,249160629147497279,danse.revues.org/1135,10236,2017-01-01 01:44:03,1195.0
179931,1,1750635878035718464,vertigo.revues.org/10244,58147,2017-01-01 01:45:13,365.0
179936,1,233462787075626491,enquete.revues.org/263,14252,2017-01-01 01:45:25,97.0
179936,2,233462787075626491,enquete.revues.org/263,14252,2017-01-01 01:47:02,170.0
179936,3,233462787075626491,enquete.revues.org/263,14252,2017-01-01 01:49:52,297.0
179936,4,233462787075626491,enquete.revues.org/263,14252,2017-01-01 01:54:49,51.0
179936,5,233462787075626491,enquete.revues.org/263,14252,2017-01-01 01:55:40,303.0
179936,6,233462787075626491,enquete.revues.org/263,14252,2017-01-01 02:00:43,386.0
179936,7,233462787075626491,enquete.revues.org/263,14252,2017-01-01 02:07:09,248.0
179946,1,6934917499256222910,books.openedition.org/cjb/1184,215264,2017-01-01 01:46:17,160.0
179946,2,6934917499256222910,books.openedition.org/cjb/1184,215264,2017-01-01 01:48:57,17.0
179955,1,11819533665433852948,books.openedition.org/ifpo/419,215270,2017-01-01 01:46:58,14.0
179961,1,17678255672617416753,rae.revues.org/8610,93284,2017-01-01 01:47:23,37.0
179972,1,6635020208807825952,conflits.revues.org/129,15458,2017-01-01 01:48:41,1151.0
179977,1,259732011136186950,eps.revues.org/3767,5870,2017-01-01 01:48:53,362.0
179977,2,259732011136186950,jda.revues.org/1857,215359,2017-01-01 01:54:55,776.0
179980,1,6825882547487111163,arlap.hypotheses.org,41901,2017-01-01 01:49:18,34.0
179980,2,6825882547487111163,arlap.hypotheses.org/8054,48704,2017-01-01 01:49:52,527.0
179980,3,6825882547487111163,arlap.hypotheses.org/8054,48704,2017-01-01 01:58:39,4.0
179980,4,6825882547487111163,arlap.hypotheses.org,41901,2017-01-01 01:58:43,7.0
179980,5,6825882547487111163,arlap.hypotheses.org/8089,200205,2017-01-01 01:58:50,30.0
179980,6,6825882547487111163,arlap.hypotheses.org,41901,2017-01-01 01:59:20,8.0
179980,7,6825882547487111163,arlap.hypotheses.org/8086,197002,2017-01-01 01:59:28,166.0
179980,8,6825882547487111163,arlap.hypotheses.org/8080,166456,2017-01-01 02:02:14,237.0
179980,9,6825882547487111163,arlap.hypotheses.org,41901,2017-01-01 02:06:11,7.0
179980,10,6825882547487111163,arlap.hypotheses.org/8062,48354,2017-01-01 02:06:18,97.0
179980,11,6825882547487111163,arlap.hypotheses.org,41901,2017-01-01 02:07:55,19.0
179980,12,6825882547487111163,arlap.hypotheses.org/8039,215523,2017-01-01 02:08:14,139.0
179980,13,6825882547487111163,arlap.hypotheses.org,41901,2017-01-01 02:10:33,55.0
179980,14,6825882547487111163,arlap.hypotheses.org/page/2,61844,2017-01-01 02:11:28,8.0
179980,15,6825882547487111163,arlap.hypotheses.org/7987,85594,2017-01-01 02:11:36,23.0
179980,16,6825882547487111163,arlap.hypotheses.org/page/2,61844,2017-01-01 02:11:59,10.0
179980,17,6825882547487111163,arlap.hypotheses.org/7987,85594,2017-01-01 02:12:09,109.0
179980,18,6825882547487111163,arlap.hypotheses.org/page/2,61844,2017-01-01 02:13:58,13.0
179980,19,6825882547487111163,arlap.hypotheses.org/7974,207710,2017-01-01 02:14:11,325.0
179980,20,6825882547487111163,arlap.hypotheses.org,41901,2017-01-01 02:19:36,7.0
179980,21,6825882547487111163,arlap.hypotheses.org/page/2,61844,2017-01-01 02:19:43,35.0
179980,22,6825882547487111163,arlap.hypotheses.org/page/3,191875,2017-01-01 02:20:18,69.0
179980,23,6825882547487111163,arlap.hypotheses.org/7870,215659,2017-01-01 02:21:27,137.0
179980,24,6825882547487111163,arlap.hypotheses.org/page/3,191875,2017-01-01 02:23:44,15.0
179980,25,6825882547487111163,arlap.hypotheses.org/7916,215679,2017-01-01 02:23:59,11.0
179980,26,6825882547487111163,arlap.hypotheses.org/page/3,191875,2017-01-01 02:24:10,5.0
179980,27,6825882547487111163,arlap.hypotheses.org/page/4,192852,2017-01-01 02:24:15,67.0
179980,28,6825882547487111163,arlap.hypotheses.org/page/5,215690,2017-01-01 02:25:22,25.0
179980,29,6825882547487111163,arlap.hypotheses.org/7765,215692,2017-01-01 02:25:47,129.0
179980,30,6825882547487111163,arlap.hypotheses.org/page/5,215690,2017-01-01 02:27:56,22.0
179980,31,6825882547487111163,arlap.hypotheses.org/page/6,215707,2017-01-01 02:28:18,38.0
